malloc, 1, 157.000000, 4, 4128, 64
free, 1, 64.000000, 0, 4128, 32
malloc, 1, 30.000000, 4, 4128, 64
free, 1, 20.000000, 0, 4128, 32
malloc, 1, 28.000000, 4, 4128, 64
free, 1, 20.000000, 0, 4128, 32
malloc, 1, 26.000000, 4, 4128, 64
free, 1, 20.000000, 0, 4128, 32
malloc, 1, 30.000000, 4, 4128, 64
free, 1, 20.000000, 0, 4128, 32
malloc, 1, 28.000000, 4, 4128, 64
free, 1, 19.000000, 0, 4128, 32
malloc, 1, 26.000000, 4, 4128, 64
free, 1, 19.000000, 0, 4128, 32
malloc, 1, 26.000000, 4, 4128, 64
free, 1, 19.000000, 0, 4128, 32
malloc, 1, 25.000000, 4, 4128, 64
free, 1, 19.000000, 0, 4128, 32
malloc, 1, 26.000000, 4, 4128, 64
free, 1, 19.000000, 0, 4128, 32
malloc, 1, 24.000000, 4, 4128, 64
free, 1, 18.000000, 0, 4128, 32
malloc, 1, 26.000000, 4, 4128, 64
free, 1, 20.000000, 0, 4128, 32
malloc, 1, 26.000000, 4, 4128, 64
free, 1, 17.000000, 0, 4128, 32
malloc, 1, 23.000000, 4, 4128, 64
free, 1, 18.000000, 0, 4128, 32
malloc, 1, 24.000000, 4, 4128, 64
free, 1, 33.000000, 0, 4128, 32
malloc, 2, 24.000000, 4, 4128, 64
free, 2, 17.000000, 0, 4128, 32
malloc, 2, 24.000000, 4, 4128, 64
free, 2, 17.000000, 0, 4128, 32
malloc, 2, 23.000000, 4, 4128, 64
free, 2, 17.000000, 0, 4128, 32
malloc, 2, 24.000000, 4, 4128, 64
free, 2, 17.000000, 0, 4128, 32
malloc, 2, 23.000000, 4, 4128, 64
free, 2, 18.000000, 0, 4128, 32
malloc, 2, 21.000000, 4, 4128, 64
free, 2, 18.000000, 0, 4128, 32
malloc, 2, 25.000000, 4, 4128, 64
free, 2, 19.000000, 0, 4128, 32
malloc, 2, 23.000000, 4, 4128, 64
free, 2, 17.000000, 0, 4128, 32
malloc, 3, 24.000000, 4, 4128, 64
free, 3, 18.000000, 0, 4128, 32
malloc, 3, 24.000000, 4, 4128, 64
free, 3, 18.000000, 0, 4128, 32
malloc, 3, 24.000000, 4, 4128, 64
free, 3, 19.000000, 0, 4128, 32
malloc, 3, 22.000000, 4, 4128, 64
free, 3, 19.000000, 0, 4128, 32
malloc, 3, 23.000000, 4, 4128, 64
free, 3, 18.000000, 0, 4128, 32
malloc, 3, 24.000000, 4, 4128, 64
free, 3, 17.000000, 0, 4128, 32
malloc, 4, 22.000000, 4, 4128, 64
free, 4, 17.000000, 0, 4128, 32
malloc, 4, 25.000000, 4, 4128, 64
free, 4, 18.000000, 0, 4128, 32
malloc, 4, 24.000000, 4, 4128, 64
free, 4, 18.000000, 0, 4128, 32
malloc, 4, 24.000000, 4, 4128, 64
free, 4, 19.000000, 0, 4128, 32
malloc, 5, 23.000000, 8, 4128, 64
free, 5, 19.000000, 0, 4128, 32
malloc, 5, 24.000000, 8, 4128, 64
free, 5, 19.000000, 0, 4128, 32
malloc, 5, 22.000000, 8, 4128, 64
free, 5, 18.000000, 0, 4128, 32
malloc, 5, 21.000000, 8, 4128, 64
free, 5, 18.000000, 0, 4128, 32
malloc, 6, 23.000000, 8, 4128, 64
free, 6, 18.000000, 0, 4128, 32
malloc, 6, 23.000000, 8, 4128, 64
free, 6, 17.000000, 0, 4128, 32
malloc, 6, 21.000000, 8, 4128, 64
free, 6, 18.000000, 0, 4128, 32
malloc, 7, 25.000000, 8, 4128, 64
free, 7, 17.000000, 0, 4128, 32
malloc, 7, 24.000000, 8, 4128, 64
free, 7, 18.000000, 0, 4128, 32
malloc, 7, 22.000000, 8, 4128, 64
free, 7, 17.000000, 0, 4128, 32
malloc, 8, 23.000000, 8, 4128, 64
free, 8, 18.000000, 0, 4128, 32
malloc, 8, 21.000000, 8, 4128, 64
free, 8, 18.000000, 0, 4128, 32
malloc, 8, 22.000000, 8, 4128, 64
free, 8, 17.000000, 0, 4128, 32
malloc, 9, 22.000000, 12, 4128, 64
free, 9, 19.000000, 0, 4128, 32
malloc, 9, 23.000000, 12, 4128, 64
free, 9, 19.000000, 0, 4128, 32
malloc, 10, 22.000000, 12, 4128, 64
free, 10, 18.000000, 0, 4128, 32
malloc, 10, 21.000000, 12, 4128, 64
free, 10, 18.000000, 0, 4128, 32
malloc, 11, 24.000000, 12, 4128, 64
free, 11, 19.000000, 0, 4128, 32
malloc, 12, 24.000000, 12, 4128, 64
free, 12, 18.000000, 0, 4128, 32
malloc, 12, 23.000000, 12, 4128, 64
free, 12, 19.000000, 0, 4128, 32
malloc, 13, 24.000000, 16, 4128, 64
free, 13, 18.000000, 0, 4128, 32
malloc, 13, 22.000000, 16, 4128, 64
free, 13, 18.000000, 0, 4128, 32
malloc, 14, 22.000000, 16, 4128, 64
free, 14, 18.000000, 0, 4128, 32
malloc, 15, 23.000000, 16, 4128, 64
free, 15, 18.000000, 0, 4128, 32
malloc, 16, 23.000000, 16, 4128, 64
free, 16, 18.000000, 0, 4128, 32
malloc, 16, 23.000000, 16, 4128, 64
free, 16, 18.000000, 0, 4128, 32
malloc, 17, 24.000000, 20, 4128, 64
free, 17, 17.000000, 0, 4128, 32
malloc, 18, 22.000000, 20, 4128, 64
free, 18, 17.000000, 0, 4128, 32
malloc, 19, 23.000000, 20, 4128, 64
free, 19, 18.000000, 0, 4128, 32
malloc, 20, 21.000000, 20, 4128, 64
free, 20, 19.000000, 0, 4128, 32
malloc, 21, 22.000000, 24, 4128, 64
free, 21, 18.000000, 0, 4128, 32
malloc, 22, 21.000000, 24, 4128, 64
free, 22, 19.000000, 0, 4128, 32
malloc, 23, 21.000000, 24, 4128, 64
free, 23, 18.000000, 0, 4128, 32
malloc, 25, 22.000000, 28, 4128, 64
free, 25, 19.000000, 0, 4128, 32
malloc, 26, 23.000000, 28, 4128, 64
free, 26, 19.000000, 0, 4128, 32
malloc, 27, 22.000000, 28, 4128, 64
free, 27, 18.000000, 0, 4128, 32
malloc, 28, 22.000000, 28, 4128, 64
free, 28, 20.000000, 0, 4128, 32
malloc, 30, 22.000000, 32, 4128, 64
free, 30, 19.000000, 0, 4128, 32
malloc, 31, 24.000000, 32, 4128, 64
free, 31, 18.000000, 0, 4128, 32
malloc, 33, 20.000000, 36, 4128, 64
free, 33, 21.000000, 0, 4128, 32
malloc, 35, 23.000000, 36, 4128, 64
free, 35, 19.000000, 0, 4128, 32
malloc, 36, 22.000000, 36, 4128, 64
free, 36, 18.000000, 0, 4128, 32
malloc, 38, 25.000000, 40, 4128, 64
free, 38, 20.000000, 0, 4128, 32
malloc, 40, 22.000000, 40, 4128, 64
free, 40, 19.000000, 0, 4128, 32
malloc, 42, 23.000000, 44, 4128, 64
free, 42, 18.000000, 0, 4128, 32
malloc, 44, 20.000000, 44, 4128, 64
free, 44, 18.000000, 0, 4128, 32
malloc, 47, 23.000000, 48, 4128, 64
free, 47, 18.000000, 0, 4128, 32
malloc, 49, 21.000000, 52, 4128, 64
free, 49, 19.000000, 0, 4128, 32
malloc, 52, 21.000000, 52, 4128, 64
free, 52, 18.000000, 0, 4128, 32
malloc, 54, 21.000000, 56, 4128, 64
free, 54, 19.000000, 0, 4128, 32
malloc, 57, 24.000000, 60, 4128, 64
free, 57, 20.000000, 0, 4128, 32
malloc, 60, 21.000000, 60, 4128, 64
free, 60, 19.000000, 0, 4128, 32
malloc, 63, 22.000000, 64, 4128, 64
free, 63, 19.000000, 0, 4128, 32
malloc, 66, 22.000000, 68, 4128, 64
free, 66, 17.000000, 0, 4128, 32
malloc, 69, 22.000000, 72, 4128, 64
free, 69, 18.000000, 0, 4128, 32
malloc, 73, 21.000000, 76, 4128, 64
free, 73, 19.000000, 0, 4128, 32
malloc, 76, 23.000000, 76, 4128, 64
free, 76, 17.000000, 0, 4128, 32
malloc, 80, 23.000000, 80, 4128, 64
free, 80, 17.000000, 0, 4128, 32
malloc, 84, 22.000000, 84, 4128, 64
free, 84, 17.000000, 0, 4128, 32
malloc, 89, 22.000000, 92, 4128, 64
free, 89, 19.000000, 0, 4128, 32
malloc, 93, 23.000000, 96, 4128, 64
free, 93, 17.000000, 0, 4128, 32
malloc, 98, 20.000000, 100, 4128, 64
free, 98, 17.000000, 0, 4128, 32
malloc, 103, 20.000000, 104, 4128, 64
free, 103, 18.000000, 0, 4128, 32
malloc, 108, 23.000000, 108, 4128, 64
free, 108, 17.000000, 0, 4128, 32
malloc, 113, 21.000000, 116, 4128, 64
free, 113, 18.000000, 0, 4128, 32
malloc, 119, 21.000000, 120, 4128, 64
free, 119, 18.000000, 0, 4128, 32
malloc, 125, 21.000000, 128, 4128, 64
free, 125, 17.000000, 0, 4128, 32
malloc, 131, 22.000000, 132, 4128, 64
free, 131, 18.000000, 0, 4128, 32
malloc, 138, 23.000000, 140, 4128, 64
free, 138, 18.000000, 0, 4128, 32
malloc, 144, 21.000000, 144, 4128, 64
free, 144, 17.000000, 0, 4128, 32
malloc, 152, 20.000000, 152, 4128, 64
free, 152, 18.000000, 0, 4128, 32
malloc, 159, 20.000000, 160, 4128, 64
free, 159, 19.000000, 0, 4128, 32
malloc, 167, 23.000000, 168, 4128, 64
free, 167, 17.000000, 0, 4128, 32
malloc, 176, 22.000000, 176, 4128, 64
free, 176, 17.000000, 0, 4128, 32
malloc, 185, 24.000000, 188, 4128, 64
free, 185, 18.000000, 0, 4128, 32
malloc, 194, 24.000000, 196, 4128, 64
free, 194, 18.000000, 0, 4128, 32
malloc, 204, 22.000000, 204, 4128, 64
free, 204, 22.000000, 0, 4128, 32
malloc, 214, 21.000000, 216, 4128, 64
free, 214, 19.000000, 0, 4128, 32
malloc, 224, 22.000000, 224, 4128, 64
free, 224, 21.000000, 0, 4128, 32
malloc, 236, 22.000000, 236, 4128, 64
free, 236, 19.000000, 0, 4128, 32
malloc, 247, 23.000000, 248, 4128, 64
free, 247, 20.000000, 0, 4128, 32
malloc, 260, 22.000000, 260, 4128, 64
free, 260, 19.000000, 0, 4128, 32
malloc, 273, 22.000000, 276, 4128, 64
free, 273, 20.000000, 0, 4128, 32
malloc, 287, 23.000000, 288, 4128, 64
free, 287, 18.000000, 0, 4128, 32
malloc, 301, 26.000000, 304, 4128, 64
free, 301, 17.000000, 0, 4128, 32
malloc, 316, 23.000000, 316, 4128, 64
free, 316, 19.000000, 0, 4128, 32
malloc, 332, 23.000000, 332, 4128, 64
free, 332, 19.000000, 0, 4128, 32
malloc, 348, 31.000000, 348, 4128, 64
free, 348, 18.000000, 0, 4128, 32
malloc, 366, 23.000000, 368, 4128, 64
free, 366, 17.000000, 0, 4128, 32
malloc, 384, 23.000000, 384, 4128, 64
free, 384, 17.000000, 0, 4128, 32
malloc, 403, 22.000000, 404, 4128, 64
free, 403, 17.000000, 0, 4128, 32
malloc, 424, 25.000000, 424, 4128, 64
free, 424, 17.000000, 0, 4128, 32
malloc, 445, 20.000000, 448, 4128, 64
free, 445, 17.000000, 0, 4128, 32
malloc, 467, 23.000000, 468, 4128, 64
free, 467, 19.000000, 0, 4128, 32
malloc, 490, 23.000000, 492, 4128, 64
free, 490, 18.000000, 0, 4128, 32
malloc, 515, 21.000000, 516, 4128, 64
free, 515, 18.000000, 0, 4128, 32
malloc, 541, 22.000000, 544, 4128, 64
free, 541, 17.000000, 0, 4128, 32
malloc, 568, 23.000000, 568, 4128, 64
free, 568, 17.000000, 0, 4128, 32
malloc, 596, 21.000000, 596, 4128, 64
free, 596, 17.000000, 0, 4128, 32
malloc, 626, 23.000000, 628, 4128, 64
free, 626, 17.000000, 0, 4128, 32
malloc, 657, 23.000000, 660, 4128, 64
free, 657, 18.000000, 0, 4128, 32
malloc, 690, 21.000000, 692, 4128, 64
free, 690, 18.000000, 0, 4128, 32
malloc, 725, 23.000000, 728, 4128, 64
free, 725, 18.000000, 0, 4128, 32
malloc, 761, 22.000000, 764, 4128, 64
free, 761, 18.000000, 0, 4128, 32
malloc, 799, 21.000000, 800, 4128, 64
free, 799, 17.000000, 0, 4128, 32
malloc, 839, 23.000000, 840, 4128, 64
free, 839, 17.000000, 0, 4128, 32
malloc, 881, 23.000000, 884, 4128, 64
free, 881, 18.000000, 0, 4128, 32
malloc, 925, 24.000000, 928, 4128, 64
free, 925, 17.000000, 0, 4128, 32
malloc, 972, 22.000000, 972, 4128, 64
free, 972, 19.000000, 0, 4128, 32
malloc, 1020, 23.000000, 1020, 4128, 64
free, 1020, 18.000000, 0, 4128, 32
malloc, 1071, 21.000000, 1072, 4128, 64
free, 1071, 17.000000, 0, 4128, 32
malloc, 1125, 23.000000, 1128, 4128, 64
free, 1125, 18.000000, 0, 4128, 32
malloc, 1181, 23.000000, 1184, 4128, 64
free, 1181, 18.000000, 0, 4128, 32
malloc, 1240, 23.000000, 1240, 4128, 64
free, 1240, 18.000000, 0, 4128, 32
malloc, 1302, 22.000000, 1304, 4128, 64
free, 1302, 18.000000, 0, 4128, 32
malloc, 1367, 24.000000, 1368, 4128, 64
free, 1367, 17.000000, 0, 4128, 32
malloc, 1436, 23.000000, 1436, 4128, 64
free, 1436, 19.000000, 0, 4128, 32
malloc, 1507, 24.000000, 1508, 4128, 64
free, 1507, 18.000000, 0, 4128, 32
malloc, 1583, 23.000000, 1584, 4128, 64
free, 1583, 17.000000, 0, 4128, 32
malloc, 1662, 24.000000, 1664, 4128, 64
free, 1662, 17.000000, 0, 4128, 32
malloc, 1745, 22.000000, 1748, 4128, 64
free, 1745, 18.000000, 0, 4128, 32
malloc, 1832, 22.000000, 1832, 4128, 64
free, 1832, 17.000000, 0, 4128, 32
malloc, 1924, 24.000000, 1924, 4128, 64
free, 1924, 18.000000, 0, 4128, 32
malloc, 2020, 24.000000, 2020, 4128, 64
free, 2020, 18.000000, 0, 4128, 32
malloc, 2121, 21.000000, 2124, 4128, 64
free, 2121, 18.000000, 0, 4128, 32
malloc, 2227, 23.000000, 2228, 4128, 64
free, 2227, 18.000000, 0, 4128, 32
malloc, 2339, 24.000000, 2340, 4128, 64
free, 2339, 18.000000, 0, 4128, 32
malloc, 2456, 20.000000, 2456, 4128, 64
free, 2456, 17.000000, 0, 4128, 32
malloc, 2579, 22.000000, 2580, 4128, 64
free, 2579, 17.000000, 0, 4128, 32
malloc, 2708, 23.000000, 2708, 4128, 64
free, 2708, 18.000000, 0, 4128, 32
malloc, 2843, 24.000000, 2844, 4128, 64
free, 2843, 18.000000, 0, 4128, 32
malloc, 2985, 23.000000, 2988, 4128, 64
free, 2985, 18.000000, 0, 4128, 32
malloc, 3134, 21.000000, 3136, 4128, 64
free, 3134, 18.000000, 0, 4128, 32
malloc, 3291, 21.000000, 3292, 4128, 64
free, 3291, 19.000000, 0, 4128, 32
malloc, 3456, 22.000000, 3456, 4128, 64
free, 3456, 17.000000, 0, 4128, 32
malloc, 3629, 23.000000, 3632, 4128, 64
free, 3629, 18.000000, 0, 4128, 32
malloc, 3810, 23.000000, 3812, 4128, 64
free, 3810, 18.000000, 0, 4128, 32
malloc, 4001, 24.000000, 4004, 4128, 64
free, 4001, 18.000000, 0, 4128, 32
malloc, 4201, 5991.000000, 4204, 1052704, 96
free, 4201, 50.000000, 0, 1052704, 64
malloc, 4411, 51.000000, 4412, 1052704, 96
free, 4411, 24.000000, 0, 1052704, 64
malloc, 4631, 23.000000, 4632, 1052704, 96
free, 4631, 22.000000, 0, 1052704, 64
malloc, 4863, 22.000000, 4864, 1052704, 96
free, 4863, 18.000000, 0, 1052704, 64
malloc, 5106, 23.000000, 5108, 1052704, 96
free, 5106, 18.000000, 0, 1052704, 64
malloc, 5361, 23.000000, 5364, 1052704, 96
free, 5361, 20.000000, 0, 1052704, 64
malloc, 5629, 24.000000, 5632, 1052704, 96
free, 5629, 19.000000, 0, 1052704, 64
malloc, 5911, 24.000000, 5912, 1052704, 96
free, 5911, 19.000000, 0, 1052704, 64
malloc, 6207, 23.000000, 6208, 1052704, 96
free, 6207, 19.000000, 0, 1052704, 64
malloc, 6517, 24.000000, 6520, 1052704, 96
free, 6517, 19.000000, 0, 1052704, 64
malloc, 6843, 22.000000, 6844, 1052704, 96
free, 6843, 20.000000, 0, 1052704, 64
malloc, 7185, 25.000000, 7188, 1052704, 96
free, 7185, 19.000000, 0, 1052704, 64
malloc, 7544, 23.000000, 7544, 1052704, 96
free, 7544, 18.000000, 0, 1052704, 64
malloc, 7921, 23.000000, 7924, 1052704, 96
free, 7921, 19.000000, 0, 1052704, 64
malloc, 8318, 784.000000, 8320, 1052704, 96
free, 8318, 20.000000, 0, 1052704, 64
malloc, 8733, 23.000000, 8736, 1052704, 96
free, 8733, 19.000000, 0, 1052704, 64
malloc, 9170, 23.000000, 9172, 1052704, 96
free, 9170, 18.000000, 0, 1052704, 64
malloc, 9629, 23.000000, 9632, 1052704, 96
free, 9629, 19.000000, 0, 1052704, 64
malloc, 10110, 22.000000, 10112, 1052704, 96
free, 10110, 19.000000, 0, 1052704, 64
malloc, 10616, 23.000000, 10616, 1052704, 96
free, 10616, 20.000000, 0, 1052704, 64
malloc, 11146, 23.000000, 11148, 1052704, 96
free, 11146, 19.000000, 0, 1052704, 64
malloc, 11704, 23.000000, 11704, 1052704, 96
free, 11704, 21.000000, 0, 1052704, 64
malloc, 12289, 795.000000, 12292, 1052704, 96
free, 12289, 20.000000, 0, 1052704, 64
malloc, 12903, 23.000000, 12904, 1052704, 96
free, 12903, 18.000000, 0, 1052704, 64
malloc, 13549, 22.000000, 13552, 1052704, 96
free, 13549, 19.000000, 0, 1052704, 64
malloc, 14226, 24.000000, 14228, 1052704, 96
free, 14226, 20.000000, 0, 1052704, 64
malloc, 14937, 24.000000, 14940, 1052704, 96
free, 14937, 20.000000, 0, 1052704, 64
malloc, 15684, 23.000000, 15684, 1052704, 96
free, 15684, 19.000000, 0, 1052704, 64
malloc, 16469, 761.000000, 16472, 1052704, 96
free, 16469, 20.000000, 0, 1052704, 64
malloc, 17292, 22.000000, 17292, 1052704, 96
free, 17292, 19.000000, 0, 1052704, 64
malloc, 18157, 23.000000, 18160, 1052704, 96
free, 18157, 19.000000, 0, 1052704, 64
malloc, 19065, 24.000000, 19068, 1052704, 96
free, 19065, 20.000000, 0, 1052704, 64
malloc, 20018, 25.000000, 20020, 1052704, 96
free, 20018, 19.000000, 0, 1052704, 64
malloc, 21019, 842.000000, 21020, 1052704, 96
free, 21019, 21.000000, 0, 1052704, 64
malloc, 22070, 23.000000, 22072, 1052704, 96
free, 22070, 20.000000, 0, 1052704, 64
malloc, 23173, 23.000000, 23176, 1052704, 96
free, 23173, 19.000000, 0, 1052704, 64
malloc, 24332, 25.000000, 24332, 1052704, 96
free, 24332, 20.000000, 0, 1052704, 64
malloc, 25549, 822.000000, 25552, 1052704, 96
free, 25549, 21.000000, 0, 1052704, 64
malloc, 26826, 24.000000, 26828, 1052704, 96
free, 26826, 19.000000, 0, 1052704, 64
malloc, 28167, 22.000000, 28168, 1052704, 96
free, 28167, 20.000000, 0, 1052704, 64
malloc, 29576, 779.000000, 29576, 1052704, 96
free, 29576, 20.000000, 0, 1052704, 64
malloc, 31054, 23.000000, 31056, 1052704, 96
free, 31054, 18.000000, 0, 1052704, 64
malloc, 32607, 24.000000, 32608, 1052704, 96
free, 32607, 20.000000, 0, 1052704, 64
malloc, 34238, 820.000000, 34240, 1052704, 96
free, 34238, 20.000000, 0, 1052704, 64
malloc, 35950, 23.000000, 35952, 1052704, 96
free, 35950, 18.000000, 0, 1052704, 64
malloc, 37747, 785.000000, 37748, 1052704, 96
free, 37747, 21.000000, 0, 1052704, 64
malloc, 39634, 23.000000, 39636, 1052704, 96
free, 39634, 18.000000, 0, 1052704, 64
malloc, 41616, 853.000000, 41616, 1052704, 96
free, 41616, 20.000000, 0, 1052704, 64
malloc, 43697, 24.000000, 43700, 1052704, 96
free, 43697, 18.000000, 0, 1052704, 64
malloc, 45882, 2159.000000, 45884, 1052704, 96
free, 45882, 21.000000, 0, 1052704, 64
malloc, 48176, 24.000000, 48176, 1052704, 96
free, 48176, 18.000000, 0, 1052704, 64
malloc, 50585, 799.000000, 50588, 1052704, 96
free, 50585, 22.000000, 0, 1052704, 64
malloc, 53114, 24.000000, 53116, 1052704, 96
free, 53114, 19.000000, 0, 1052704, 64
malloc, 55770, 917.000000, 55772, 1052704, 96
free, 55770, 35.000000, 0, 1052704, 64
malloc, 58558, 782.000000, 58560, 1052704, 96
free, 58558, 23.000000, 0, 1052704, 64
malloc, 61486, 822.000000, 61488, 1052704, 96
free, 61486, 23.000000, 0, 1052704, 64
malloc, 64561, 24.000000, 64564, 1052704, 96
free, 64561, 19.000000, 0, 1052704, 64
malloc, 67789, 838.000000, 67792, 1052704, 96
free, 67789, 23.000000, 0, 1052704, 64
malloc, 71178, 829.000000, 71180, 1052704, 96
free, 71178, 24.000000, 0, 1052704, 64
malloc, 74737, 753.000000, 74740, 1052704, 96
free, 74737, 22.000000, 0, 1052704, 64
malloc, 78474, 789.000000, 78476, 1052704, 96
free, 78474, 23.000000, 0, 1052704, 64
malloc, 82398, 872.000000, 82400, 1052704, 96
free, 82398, 21.000000, 0, 1052704, 64
malloc, 86518, 788.000000, 86520, 1052704, 96
free, 86518, 21.000000, 0, 1052704, 64
malloc, 90843, 777.000000, 90844, 1052704, 96
free, 90843, 21.000000, 0, 1052704, 64
malloc, 95386, 861.000000, 95388, 1052704, 96
free, 95386, 22.000000, 0, 1052704, 64
malloc, 100155, 1687.000000, 100156, 1052704, 96
free, 100155, 21.000000, 0, 1052704, 64
malloc, 105163, 813.000000, 105164, 1052704, 96
free, 105163, 20.000000, 0, 1052704, 64
malloc, 110421, 796.000000, 110424, 1052704, 96
free, 110421, 21.000000, 0, 1052704, 64
malloc, 115942, 858.000000, 115944, 1052704, 96
free, 115942, 20.000000, 0, 1052704, 64
malloc, 121739, 769.000000, 121740, 1052704, 96
free, 121739, 20.000000, 0, 1052704, 64
malloc, 127826, 787.000000, 127828, 1052704, 96
free, 127826, 21.000000, 0, 1052704, 64
malloc, 134217, 772.000000, 134220, 1052704, 96
free, 134217, 24.000000, 0, 1052704, 64
malloc, 140928, 801.000000, 140928, 1052704, 96
free, 140928, 21.000000, 0, 1052704, 64
malloc, 147975, 774.000000, 147976, 1052704, 96
free, 147975, 21.000000, 0, 1052704, 64
malloc, 155373, 775.000000, 155376, 1052704, 96
free, 155373, 31.000000, 0, 1052704, 64
malloc, 163142, 759.000000, 163144, 1052704, 96
free, 163142, 23.000000, 0, 1052704, 64
malloc, 171299, 755.000000, 171300, 1052704, 96
free, 171299, 21.000000, 0, 1052704, 64
malloc, 179864, 768.000000, 179864, 1052704, 96
free, 179864, 21.000000, 0, 1052704, 64
malloc, 188858, 765.000000, 188860, 1052704, 96
free, 188858, 20.000000, 0, 1052704, 64
malloc, 198300, 757.000000, 198300, 1052704, 96
free, 198300, 24.000000, 0, 1052704, 64
malloc, 208215, 1676.000000, 208216, 1052704, 96
free, 208215, 24.000000, 0, 1052704, 64
malloc, 218626, 772.000000, 218628, 1052704, 96
free, 218626, 22.000000, 0, 1052704, 64
malloc, 229558, 773.000000, 229560, 1052704, 96
free, 229558, 22.000000, 0, 1052704, 64
malloc, 241036, 771.000000, 241036, 1052704, 96
free, 241036, 21.000000, 0, 1052704, 64
malloc, 253087, 780.000000, 253088, 1052704, 96
free, 253087, 23.000000, 0, 1052704, 64
malloc, 265742, 804.000000, 265744, 1052704, 96
free, 265742, 22.000000, 0, 1052704, 64
malloc, 279029, 818.000000, 279032, 1052704, 96
free, 279029, 22.000000, 0, 1052704, 64
malloc, 292980, 788.000000, 292980, 1052704, 96
free, 292980, 21.000000, 0, 1052704, 64
malloc, 307629, 855.000000, 307632, 1052704, 96
free, 307629, 23.000000, 0, 1052704, 64
malloc, 323011, 797.000000, 323012, 1052704, 96
free, 323011, 20.000000, 0, 1052704, 64
malloc, 339161, 770.000000, 339164, 1052704, 96
free, 339161, 20.000000, 0, 1052704, 64
malloc, 356119, 760.000000, 356120, 1052704, 96
free, 356119, 22.000000, 0, 1052704, 64
malloc, 373925, 1068.000000, 373928, 1052704, 96
free, 373925, 25.000000, 0, 1052704, 64
malloc, 392622, 832.000000, 392624, 1052704, 96
free, 392622, 22.000000, 0, 1052704, 64
malloc, 412253, 775.000000, 412256, 1052704, 96
free, 412253, 23.000000, 0, 1052704, 64
malloc, 432866, 1696.000000, 432868, 1052704, 96
free, 432866, 21.000000, 0, 1052704, 64
malloc, 454509, 894.000000, 454512, 1052704, 96
free, 454509, 21.000000, 0, 1052704, 64
malloc, 477234, 768.000000, 477236, 1052704, 96
free, 477234, 20.000000, 0, 1052704, 64
malloc, 501096, 784.000000, 501096, 1052704, 96
free, 501096, 22.000000, 0, 1052704, 64
malloc, 526151, 754.000000, 526152, 1052704, 96
free, 526151, 22.000000, 0, 1052704, 64
malloc, 552458, 752.000000, 552460, 1052704, 96
free, 552458, 21.000000, 0, 1052704, 64
malloc, 580081, 814.000000, 580084, 1052704, 96
free, 580081, 21.000000, 0, 1052704, 64
malloc, 609086, 763.000000, 609088, 1052704, 96
free, 609086, 20.000000, 0, 1052704, 64
malloc, 639540, 759.000000, 639540, 1052704, 96
free, 639540, 21.000000, 0, 1052704, 64
malloc, 671517, 806.000000, 671520, 1052704, 96
free, 671517, 20.000000, 0, 1052704, 64
malloc, 705093, 749.000000, 705096, 1052704, 96
free, 705093, 21.000000, 0, 1052704, 64
malloc, 740347, 789.000000, 740348, 1052704, 96
free, 740347, 22.000000, 0, 1052704, 64
malloc, 777365, 817.000000, 777368, 1052704, 96
free, 777365, 22.000000, 0, 1052704, 64
malloc, 816233, 757.000000, 816236, 1052704, 96
free, 816233, 20.000000, 0, 1052704, 64
malloc, 857045, 824.000000, 857048, 1052704, 96
free, 857045, 22.000000, 0, 1052704, 64
malloc, 899897, 1589.000000, 899900, 1052704, 96
free, 899897, 21.000000, 0, 1052704, 64
malloc, 944892, 801.000000, 944892, 1052704, 96
free, 944892, 20.000000, 0, 1052704, 64
malloc, 992136, 873.000000, 992136, 1052704, 96
free, 992136, 20.000000, 0, 1052704, 64
malloc, 1041743, 771.000000, 1041744, 1052704, 96
free, 1041743, 22.000000, 0, 1052704, 64
malloc, 1093831, 3337.000000, 1093832, 3240432, 128
free, 1093831, 30.000000, 0, 3240432, 96
malloc, 1148522, 797.000000, 1148524, 3240432, 128
free, 1148522, 22.000000, 0, 3240432, 96
malloc, 1205948, 797.000000, 1205948, 3240432, 128
free, 1205948, 22.000000, 0, 3240432, 96
malloc, 1266246, 773.000000, 1266248, 3240432, 128
free, 1266246, 25.000000, 0, 3240432, 96
malloc, 1329558, 886.000000, 1329560, 3240432, 128
free, 1329558, 20.000000, 0, 3240432, 96
malloc, 1396036, 766.000000, 1396036, 3240432, 128
free, 1396036, 20.000000, 0, 3240432, 96
malloc, 1465838, 778.000000, 1465840, 3240432, 128
free, 1465838, 21.000000, 0, 3240432, 96
malloc, 1539130, 758.000000, 1539132, 3240432, 128
free, 1539130, 22.000000, 0, 3240432, 96
malloc, 1616086, 765.000000, 1616088, 3240432, 128
free, 1616086, 20.000000, 0, 3240432, 96
malloc, 1696890, 767.000000, 1696892, 3240432, 128
free, 1696890, 21.000000, 0, 3240432, 96
malloc, 1781735, 1631.000000, 1781736, 3240432, 128
free, 1781735, 24.000000, 0, 3240432, 96
malloc, 1870822, 813.000000, 1870824, 3240432, 128
free, 1870822, 22.000000, 0, 3240432, 96
malloc, 1964363, 824.000000, 1964364, 3240432, 128
free, 1964363, 22.000000, 0, 3240432, 96
malloc, 2062581, 787.000000, 2062584, 3240432, 128
free, 2062581, 22.000000, 0, 3240432, 96
malloc, 2165710, 787.000000, 2165712, 3240432, 128
free, 2165710, 20.000000, 0, 3240432, 96
malloc, 2273996, 3119.000000, 2273996, 7788488, 160
free, 2273996, 38.000000, 0, 7788488, 128
malloc, 2387695, 791.000000, 2387696, 7788488, 160
free, 2387695, 22.000000, 0, 7788488, 128
malloc, 2507080, 790.000000, 2507080, 7788488, 160
free, 2507080, 23.000000, 0, 7788488, 128
malloc, 2632434, 823.000000, 2632436, 7788488, 160
free, 2632434, 22.000000, 0, 7788488, 128
malloc, 2764056, 770.000000, 2764056, 7788488, 160
free, 2764056, 21.000000, 0, 7788488, 128
malloc, 2902259, 780.000000, 2902260, 7788488, 160
free, 2902259, 23.000000, 0, 7788488, 128
malloc, 3047372, 1498.000000, 3047372, 7788488, 160
free, 3047372, 22.000000, 0, 7788488, 128
malloc, 3199740, 965.000000, 3199740, 7788488, 160
free, 3199740, 22.000000, 0, 7788488, 128
malloc, 3359727, 1803.000000, 3359728, 7788488, 160
free, 3359727, 22.000000, 0, 7788488, 128
malloc, 3527714, 793.000000, 3527716, 7788488, 160
free, 3527714, 23.000000, 0, 7788488, 128
malloc, 3704100, 817.000000, 3704100, 7788488, 160
free, 3704100, 23.000000, 0, 7788488, 128
malloc, 3889305, 786.000000, 3889308, 7788488, 160
free, 3889305, 22.000000, 0, 7788488, 128
malloc, 4083770, 785.000000, 4083772, 7788488, 160
free, 4083770, 22.000000, 0, 7788488, 128
malloc, 4287958, 815.000000, 4287960, 7788488, 160
free, 4287958, 22.000000, 0, 7788488, 128
malloc, 4502356, 788.000000, 4502356, 7788488, 160
free, 4502356, 22.000000, 0, 7788488, 128
malloc, 4727474, 3127.000000, 4727476, 17243504, 192
free, 4727474, 22.000000, 0, 17243504, 160
malloc, 4963848, 1083.000000, 4963848, 17243504, 192
free, 4963848, 32.000000, 0, 17243504, 160
malloc, 5212040, 803.000000, 5212040, 17243504, 192
free, 5212040, 21.000000, 0, 17243504, 160
malloc, 5472642, 890.000000, 5472644, 17243504, 192
free, 5472642, 20.000000, 0, 17243504, 160
malloc, 5746274, 785.000000, 5746276, 17243504, 192
free, 5746274, 22.000000, 0, 17243504, 160
malloc, 6033588, 1713.000000, 6033588, 17243504, 192
free, 6033588, 37.000000, 0, 17243504, 160
malloc, 6335268, 819.000000, 6335268, 17243504, 192
free, 6335268, 20.000000, 0, 17243504, 160
malloc, 6652031, 1193.000000, 6652032, 17243504, 192
free, 6652031, 20.000000, 0, 17243504, 160
malloc, 6984633, 853.000000, 6984636, 17243504, 192
free, 6984633, 22.000000, 0, 17243504, 160
malloc, 7333864, 809.000000, 7333864, 17243504, 192
free, 7333864, 20.000000, 0, 17243504, 160
malloc, 7700558, 862.000000, 7700560, 17243504, 192
free, 7700558, 20.000000, 0, 17243504, 160
malloc, 8085585, 824.000000, 8085588, 17243504, 192
free, 8085585, 23.000000, 0, 17243504, 160
