malloc, 1, 8937.000000, 484, 4128, 128
free, 1, 54.000000, 0, 4128, 128
malloc, 1, 143.000000, 484, 4128, 128
free, 1, 23.000000, 0, 4128, 128
malloc, 1, 52.000000, 484, 4128, 128
free, 1, 17.000000, 0, 4128, 128
malloc, 1, 52.000000, 484, 4128, 128
free, 1, 18.000000, 0, 4128, 128
malloc, 1, 51.000000, 484, 4128, 128
free, 1, 18.000000, 0, 4128, 128
malloc, 1, 51.000000, 484, 4128, 128
free, 1, 18.000000, 0, 4128, 128
malloc, 1, 52.000000, 484, 4128, 128
free, 1, 17.000000, 0, 4128, 128
malloc, 1, 51.000000, 484, 4128, 128
free, 1, 18.000000, 0, 4128, 128
malloc, 1, 51.000000, 484, 4128, 128
free, 1, 18.000000, 0, 4128, 128
malloc, 1, 51.000000, 484, 4128, 128
free, 1, 17.000000, 0, 4128, 128
malloc, 1, 50.000000, 484, 4128, 128
free, 1, 18.000000, 0, 4128, 128
malloc, 1, 51.000000, 484, 4128, 128
free, 1, 18.000000, 0, 4128, 128
malloc, 1, 52.000000, 484, 4128, 128
free, 1, 17.000000, 0, 4128, 128
malloc, 1, 51.000000, 484, 4128, 128
free, 1, 19.000000, 0, 4128, 128
malloc, 1, 51.000000, 484, 4128, 128
free, 1, 17.000000, 0, 4128, 128
malloc, 2, 52.000000, 484, 4128, 128
free, 2, 18.000000, 0, 4128, 128
malloc, 2, 50.000000, 484, 4128, 128
free, 2, 18.000000, 0, 4128, 128
malloc, 2, 51.000000, 484, 4128, 128
free, 2, 18.000000, 0, 4128, 128
malloc, 2, 52.000000, 484, 4128, 128
free, 2, 17.000000, 0, 4128, 128
malloc, 2, 51.000000, 484, 4128, 128
free, 2, 17.000000, 0, 4128, 128
malloc, 2, 51.000000, 484, 4128, 128
free, 2, 17.000000, 0, 4128, 128
malloc, 2, 52.000000, 484, 4128, 128
free, 2, 18.000000, 0, 4128, 128
malloc, 2, 52.000000, 484, 4128, 128
free, 2, 18.000000, 0, 4128, 128
malloc, 3, 52.000000, 484, 4128, 128
free, 3, 18.000000, 0, 4128, 128
malloc, 3, 52.000000, 484, 4128, 128
free, 3, 17.000000, 0, 4128, 128
malloc, 3, 53.000000, 484, 4128, 128
free, 3, 18.000000, 0, 4128, 128
malloc, 3, 51.000000, 484, 4128, 128
free, 3, 17.000000, 0, 4128, 128
malloc, 3, 51.000000, 484, 4128, 128
free, 3, 17.000000, 0, 4128, 128
malloc, 3, 53.000000, 484, 4128, 128
free, 3, 18.000000, 0, 4128, 128
malloc, 4, 53.000000, 484, 4128, 128
free, 4, 17.000000, 0, 4128, 128
malloc, 4, 52.000000, 484, 4128, 128
free, 4, 17.000000, 0, 4128, 128
malloc, 4, 52.000000, 484, 4128, 128
free, 4, 17.000000, 0, 4128, 128
malloc, 4, 51.000000, 484, 4128, 128
free, 4, 17.000000, 0, 4128, 128
malloc, 5, 57.000000, 484, 4128, 128
free, 5, 17.000000, 0, 4128, 128
malloc, 5, 52.000000, 484, 4128, 128
free, 5, 18.000000, 0, 4128, 128
malloc, 5, 53.000000, 484, 4128, 128
free, 5, 16.000000, 0, 4128, 128
malloc, 5, 52.000000, 484, 4128, 128
free, 5, 17.000000, 0, 4128, 128
malloc, 6, 51.000000, 484, 4128, 128
free, 6, 16.000000, 0, 4128, 128
malloc, 6, 51.000000, 484, 4128, 128
free, 6, 17.000000, 0, 4128, 128
malloc, 6, 51.000000, 484, 4128, 128
free, 6, 17.000000, 0, 4128, 128
malloc, 7, 51.000000, 484, 4128, 128
free, 7, 17.000000, 0, 4128, 128
malloc, 7, 52.000000, 484, 4128, 128
free, 7, 17.000000, 0, 4128, 128
malloc, 7, 51.000000, 484, 4128, 128
free, 7, 17.000000, 0, 4128, 128
malloc, 8, 51.000000, 484, 4128, 128
free, 8, 17.000000, 0, 4128, 128
malloc, 8, 53.000000, 484, 4128, 128
free, 8, 17.000000, 0, 4128, 128
malloc, 8, 51.000000, 484, 4128, 128
free, 8, 18.000000, 0, 4128, 128
malloc, 9, 56.000000, 484, 4128, 128
free, 9, 16.000000, 0, 4128, 128
malloc, 9, 63.000000, 484, 4128, 128
free, 9, 17.000000, 0, 4128, 128
malloc, 10, 52.000000, 484, 4128, 128
free, 10, 17.000000, 0, 4128, 128
malloc, 10, 52.000000, 484, 4128, 128
free, 10, 17.000000, 0, 4128, 128
malloc, 11, 51.000000, 484, 4128, 128
free, 11, 17.000000, 0, 4128, 128
malloc, 12, 51.000000, 484, 4128, 128
free, 12, 17.000000, 0, 4128, 128
malloc, 12, 52.000000, 484, 4128, 128
free, 12, 17.000000, 0, 4128, 128
malloc, 13, 112.000000, 484, 4128, 128
free, 13, 17.000000, 0, 4128, 128
malloc, 13, 53.000000, 484, 4128, 128
free, 13, 17.000000, 0, 4128, 128
malloc, 14, 52.000000, 484, 4128, 128
free, 14, 17.000000, 0, 4128, 128
malloc, 15, 51.000000, 484, 4128, 128
free, 15, 17.000000, 0, 4128, 128
malloc, 16, 51.000000, 484, 4128, 128
free, 16, 17.000000, 0, 4128, 128
malloc, 16, 52.000000, 484, 4128, 128
free, 16, 17.000000, 0, 4128, 128
malloc, 17, 117.000000, 484, 4128, 128
free, 17, 17.000000, 0, 4128, 128
malloc, 18, 53.000000, 484, 4128, 128
free, 18, 17.000000, 0, 4128, 128
malloc, 19, 51.000000, 484, 4128, 128
free, 19, 18.000000, 0, 4128, 128
malloc, 20, 51.000000, 484, 4128, 128
free, 20, 17.000000, 0, 4128, 128
malloc, 21, 56.000000, 484, 4128, 128
free, 21, 17.000000, 0, 4128, 128
malloc, 22, 51.000000, 484, 4128, 128
free, 22, 18.000000, 0, 4128, 128
malloc, 23, 52.000000, 484, 4128, 128
free, 23, 17.000000, 0, 4128, 128
malloc, 25, 56.000000, 484, 4128, 128
free, 25, 17.000000, 0, 4128, 128
malloc, 26, 52.000000, 484, 4128, 128
free, 26, 17.000000, 0, 4128, 128
malloc, 27, 52.000000, 484, 4128, 128
free, 27, 17.000000, 0, 4128, 128
malloc, 28, 52.000000, 484, 4128, 128
free, 28, 16.000000, 0, 4128, 128
malloc, 30, 58.000000, 484, 4128, 128
free, 30, 17.000000, 0, 4128, 128
malloc, 31, 51.000000, 484, 4128, 128
free, 31, 17.000000, 0, 4128, 128
malloc, 33, 57.000000, 484, 4128, 128
free, 33, 17.000000, 0, 4128, 128
malloc, 35, 52.000000, 484, 4128, 128
free, 35, 17.000000, 0, 4128, 128
malloc, 36, 53.000000, 484, 4128, 128
free, 36, 17.000000, 0, 4128, 128
malloc, 38, 52.000000, 484, 4128, 128
free, 38, 17.000000, 0, 4128, 128
malloc, 40, 53.000000, 484, 4128, 128
free, 40, 18.000000, 0, 4128, 128
malloc, 42, 51.000000, 484, 4128, 128
free, 42, 18.000000, 0, 4128, 128
malloc, 44, 51.000000, 484, 4128, 128
free, 44, 17.000000, 0, 4128, 128
malloc, 47, 53.000000, 484, 4128, 128
free, 47, 18.000000, 0, 4128, 128
malloc, 49, 55.000000, 484, 4128, 128
free, 49, 17.000000, 0, 4128, 128
malloc, 52, 51.000000, 484, 4128, 128
free, 52, 17.000000, 0, 4128, 128
malloc, 54, 53.000000, 484, 4128, 128
free, 54, 18.000000, 0, 4128, 128
malloc, 57, 55.000000, 484, 4128, 128
free, 57, 17.000000, 0, 4128, 128
malloc, 60, 53.000000, 484, 4128, 128
free, 60, 17.000000, 0, 4128, 128
malloc, 63, 52.000000, 484, 4128, 128
free, 63, 17.000000, 0, 4128, 128
malloc, 66, 55.000000, 484, 4128, 128
free, 66, 18.000000, 0, 4128, 128
malloc, 69, 51.000000, 484, 4128, 128
free, 69, 17.000000, 0, 4128, 128
malloc, 73, 56.000000, 484, 4128, 128
free, 73, 17.000000, 0, 4128, 128
malloc, 76, 52.000000, 484, 4128, 128
free, 76, 17.000000, 0, 4128, 128
malloc, 80, 51.000000, 484, 4128, 128
free, 80, 17.000000, 0, 4128, 128
malloc, 84, 57.000000, 484, 4128, 128
free, 84, 16.000000, 0, 4128, 128
malloc, 89, 57.000000, 484, 4128, 128
free, 89, 16.000000, 0, 4128, 128
malloc, 93, 52.000000, 484, 4128, 128
free, 93, 17.000000, 0, 4128, 128
malloc, 98, 52.000000, 484, 4128, 128
free, 98, 18.000000, 0, 4128, 128
malloc, 103, 51.000000, 484, 4128, 128
free, 103, 18.000000, 0, 4128, 128
malloc, 108, 52.000000, 484, 4128, 128
free, 108, 17.000000, 0, 4128, 128
malloc, 113, 51.000000, 484, 4128, 128
free, 113, 18.000000, 0, 4128, 128
malloc, 119, 52.000000, 484, 4128, 128
free, 119, 17.000000, 0, 4128, 128
malloc, 125, 51.000000, 484, 4128, 128
free, 125, 17.000000, 0, 4128, 128
malloc, 131, 52.000000, 484, 4128, 128
free, 131, 17.000000, 0, 4128, 128
malloc, 138, 55.000000, 484, 4128, 128
free, 138, 17.000000, 0, 4128, 128
malloc, 144, 50.000000, 484, 4128, 128
free, 144, 18.000000, 0, 4128, 128
malloc, 152, 52.000000, 484, 4128, 128
free, 152, 17.000000, 0, 4128, 128
malloc, 159, 51.000000, 484, 4128, 128
free, 159, 17.000000, 0, 4128, 128
malloc, 167, 52.000000, 484, 4128, 128
free, 167, 17.000000, 0, 4128, 128
malloc, 176, 51.000000, 484, 4128, 128
free, 176, 17.000000, 0, 4128, 128
malloc, 185, 53.000000, 484, 4128, 128
free, 185, 17.000000, 0, 4128, 128
malloc, 194, 52.000000, 484, 4128, 128
free, 194, 18.000000, 0, 4128, 128
malloc, 204, 51.000000, 484, 4128, 128
free, 204, 17.000000, 0, 4128, 128
malloc, 214, 52.000000, 484, 4128, 128
free, 214, 17.000000, 0, 4128, 128
malloc, 224, 52.000000, 484, 4128, 128
free, 224, 17.000000, 0, 4128, 128
malloc, 236, 125.000000, 484, 4128, 160
free, 236, 65.000000, 0, 4128, 128
malloc, 247, 107.000000, 484, 4128, 160
free, 247, 46.000000, 0, 4128, 160
malloc, 260, 141.000000, 484, 4128, 224
free, 260, 38.000000, 0, 4128, 224
malloc, 273, 164.000000, 484, 4128, 256
free, 273, 36.000000, 0, 4128, 224
malloc, 287, 98.000000, 484, 4128, 256
free, 287, 27.000000, 0, 4128, 256
malloc, 301, 10872.000000, 480, 1052704, 640
free, 301, 35.000000, 0, 1052704, 640
malloc, 316, 179.000000, 480, 1052704, 672
free, 316, 42.000000, 0, 1052704, 640
malloc, 332, 156.000000, 480, 1052704, 672
free, 332, 27.000000, 0, 1052704, 672
malloc, 348, 185.000000, 480, 1052704, 736
free, 348, 19.000000, 0, 1052704, 736
malloc, 366, 142.000000, 480, 1052704, 768
free, 366, 34.000000, 0, 1052704, 736
malloc, 384, 159.000000, 480, 1052704, 768
free, 384, 25.000000, 0, 1052704, 768
malloc, 403, 157.000000, 480, 1052704, 864
free, 403, 19.000000, 0, 1052704, 864
malloc, 424, 134.000000, 480, 1052704, 896
free, 424, 36.000000, 0, 1052704, 864
malloc, 445, 162.000000, 480, 1052704, 896
free, 445, 27.000000, 0, 1052704, 896
malloc, 467, 159.000000, 480, 1052704, 960
free, 467, 19.000000, 0, 1052704, 960
malloc, 490, 955.000000, 992, 1052704, 1056
free, 490, 26.000000, 0, 1052704, 1056
malloc, 515, 184.000000, 992, 1052704, 1088
free, 515, 37.000000, 0, 1052704, 1056
malloc, 541, 187.000000, 992, 1052704, 1088
free, 541, 27.000000, 0, 1052704, 1088
malloc, 568, 172.000000, 992, 1052704, 1152
free, 568, 20.000000, 0, 1052704, 1152
malloc, 596, 169.000000, 992, 1052704, 1184
free, 596, 35.000000, 0, 1052704, 1152
malloc, 626, 187.000000, 992, 1052704, 1184
free, 626, 24.000000, 0, 1052704, 1184
malloc, 657, 3090.000000, 992, 1052704, 1312
free, 657, 18.000000, 0, 1052704, 1312
malloc, 690, 213.000000, 992, 1052704, 1344
free, 690, 33.000000, 0, 1052704, 1312
malloc, 725, 189.000000, 992, 1052704, 1344
free, 725, 18.000000, 0, 1052704, 1344
malloc, 761, 189.000000, 992, 1052704, 1408
free, 761, 21.000000, 0, 1052704, 1408
malloc, 799, 193.000000, 992, 1052704, 1440
free, 799, 32.000000, 0, 1052704, 1408
malloc, 839, 198.000000, 992, 1052704, 1440
free, 839, 19.000000, 0, 1052704, 1440
malloc, 881, 976.000000, 992, 1052704, 1536
free, 881, 20.000000, 0, 1052704, 1536
malloc, 925, 236.000000, 992, 1052704, 1568
free, 925, 33.000000, 0, 1052704, 1536
malloc, 972, 195.000000, 992, 1052704, 1568
free, 972, 17.000000, 0, 1052704, 1568
malloc, 1020, 197.000000, 2016, 1052704, 1600
free, 1020, 24.000000, 0, 1052704, 1600
malloc, 1071, 2448.000000, 2016, 1052704, 1728
free, 1071, 19.000000, 0, 1052704, 1728
malloc, 1125, 288.000000, 2016, 1052704, 1760
free, 1125, 31.000000, 0, 1052704, 1728
malloc, 1181, 213.000000, 2016, 1052704, 1760
free, 1181, 18.000000, 0, 1052704, 1760
malloc, 1240, 980.000000, 2016, 1052704, 1824
free, 1240, 20.000000, 0, 1052704, 1824
malloc, 1302, 280.000000, 2016, 1052704, 1856
free, 1302, 31.000000, 0, 1052704, 1824
malloc, 1367, 238.000000, 2016, 1052704, 1856
free, 1367, 18.000000, 0, 1052704, 1856
malloc, 1436, 1810.000000, 2016, 1052704, 1952
free, 1436, 20.000000, 0, 1052704, 1952
malloc, 1507, 299.000000, 2016, 1052704, 1984
free, 1507, 30.000000, 0, 1052704, 1952
malloc, 1583, 288.000000, 2016, 1052704, 1984
free, 1583, 18.000000, 0, 1052704, 1984
malloc, 1662, 1146.000000, 2016, 1052704, 2048
free, 1662, 21.000000, 0, 1052704, 2048
malloc, 1745, 313.000000, 2016, 1052704, 2080
free, 1745, 30.000000, 0, 1052704, 2048
malloc, 1832, 287.000000, 2016, 1052704, 2080
free, 1832, 18.000000, 0, 1052704, 2080
malloc, 1924, 3333.000000, 2016, 1052704, 2240
free, 1924, 21.000000, 0, 1052704, 2240
malloc, 2020, 1110.000000, 4064, 1052704, 2272
free, 2020, 35.000000, 0, 1052704, 2240
malloc, 2121, 326.000000, 4064, 1052704, 2272
free, 2121, 27.000000, 0, 1052704, 2272
malloc, 2227, 2818.000000, 4064, 1052704, 2336
free, 2227, 21.000000, 0, 1052704, 2336
malloc, 2339, 1180.000000, 4064, 1052704, 2368
free, 2339, 35.000000, 0, 1052704, 2336
malloc, 2456, 355.000000, 4064, 1052704, 2368
free, 2456, 20.000000, 0, 1052704, 2368
malloc, 2579, 2663.000000, 4064, 1052704, 2464
free, 2579, 20.000000, 0, 1052704, 2464
malloc, 2708, 1166.000000, 4064, 1052704, 2496
free, 2708, 34.000000, 0, 1052704, 2464
malloc, 2843, 388.000000, 4064, 1052704, 2496
free, 2843, 18.000000, 0, 1052704, 2496
malloc, 2985, 1969.000000, 4064, 1052704, 2560
free, 2985, 22.000000, 0, 1052704, 2560
malloc, 3134, 1157.000000, 4064, 1052704, 2592
free, 3134, 32.000000, 0, 1052704, 2560
malloc, 3291, 401.000000, 4064, 1052704, 2592
free, 3291, 19.000000, 0, 1052704, 2592
malloc, 3456, 4260.000000, 4064, 1052704, 2752
free, 3456, 21.000000, 0, 1052704, 2752
malloc, 3629, 1266.000000, 4064, 1052704, 2784
free, 3629, 46.000000, 0, 1052704, 2752
malloc, 3810, 436.000000, 4064, 1052704, 2784
free, 3810, 20.000000, 0, 1052704, 2784
malloc, 4001, 2853.000000, 4064, 1052704, 2848
free, 4001, 21.000000, 0, 1052704, 2848
malloc, 4201, 2087.000000, 8160, 1052704, 2912
free, 4201, 22.000000, 0, 1052704, 2912
malloc, 4411, 1222.000000, 8160, 1052704, 2944
free, 4411, 33.000000, 0, 1052704, 2912
malloc, 4631, 461.000000, 8160, 1052704, 2944
free, 4631, 17.000000, 0, 1052704, 2944
malloc, 4863, 2690.000000, 8160, 1052704, 3040
free, 4863, 20.000000, 0, 1052704, 3040
malloc, 5106, 1301.000000, 8160, 1052704, 3072
free, 5106, 39.000000, 0, 1052704, 3040
malloc, 5361, 533.000000, 8160, 1052704, 3072
free, 5361, 19.000000, 0, 1052704, 3072
malloc, 5629, 2005.000000, 8160, 1052704, 3136
free, 5629, 21.000000, 0, 1052704, 3136
malloc, 5911, 1325.000000, 8160, 1052704, 3168
free, 5911, 33.000000, 0, 1052704, 3136
malloc, 6207, 522.000000, 8160, 1052704, 3168
free, 6207, 19.000000, 0, 1052704, 3168
malloc, 6517, 5348.000000, 8160, 1052704, 3328
free, 6517, 20.000000, 0, 1052704, 3328
malloc, 6843, 1408.000000, 8160, 1052704, 3360
free, 6843, 36.000000, 0, 1052704, 3328
malloc, 7185, 592.000000, 8160, 1052704, 3360
free, 7185, 21.000000, 0, 1052704, 3360
malloc, 7544, 2138.000000, 8160, 1052704, 3424
free, 7544, 23.000000, 0, 1052704, 3424
malloc, 7921, 1333.000000, 8160, 1052704, 3456
free, 7921, 36.000000, 0, 1052704, 3424
malloc, 8318, 2148.000000, 16352, 1052704, 3488
free, 8318, 30.000000, 0, 1052704, 3488
malloc, 8733, 1511.000000, 16352, 1052704, 3520
free, 8733, 36.000000, 0, 1052704, 3488
malloc, 9170, 712.000000, 16352, 1052704, 3520
free, 9170, 19.000000, 0, 1052704, 3520
malloc, 9629, 3082.000000, 16352, 1052704, 3616
free, 9629, 19.000000, 0, 1052704, 3616
malloc, 10110, 1482.000000, 16352, 1052704, 3648
free, 10110, 37.000000, 0, 1052704, 3616
malloc, 10616, 669.000000, 16352, 1052704, 3648
free, 10616, 21.000000, 0, 1052704, 3648
malloc, 11146, 2112.000000, 16352, 1052704, 3712
free, 11146, 20.000000, 0, 1052704, 3712
malloc, 11704, 2297.000000, 16352, 1052704, 3744
free, 11704, 34.000000, 0, 1052704, 3712
malloc, 12289, 724.000000, 16352, 1052704, 3744
free, 12289, 18.000000, 0, 1052704, 3744
malloc, 12903, 4583.000000, 16352, 1052704, 3904
free, 12903, 19.000000, 0, 1052704, 3904
malloc, 13549, 1537.000000, 16352, 1052704, 3936
free, 13549, 36.000000, 0, 1052704, 3904
malloc, 14226, 729.000000, 16352, 1052704, 3936
free, 14226, 22.000000, 0, 1052704, 3936
malloc, 14937, 2232.000000, 16352, 1052704, 4000
free, 14937, 20.000000, 0, 1052704, 4000
malloc, 15684, 1577.000000, 16352, 1052704, 4032
free, 15684, 36.000000, 0, 1052704, 4000
malloc, 16469, 2362.000000, 32736, 1052704, 4064
free, 16469, 29.000000, 0, 1052704, 4064
malloc, 17292, 1615.000000, 32736, 1052704, 4096
free, 17292, 33.000000, 0, 1052704, 4064
malloc, 18157, 841.000000, 32736, 1052704, 4096
free, 18157, 19.000000, 0, 1052704, 4096
malloc, 19065, 3989.000000, 32736, 1052704, 4192
free, 19065, 20.000000, 0, 1052704, 4192
malloc, 20018, 1677.000000, 32736, 1052704, 4224
free, 20018, 37.000000, 0, 1052704, 4192
malloc, 21019, 894.000000, 32736, 1052704, 4224
free, 21019, 19.000000, 0, 1052704, 4224
malloc, 22070, 2422.000000, 32736, 1052704, 4288
free, 22070, 17.000000, 0, 1052704, 4288
malloc, 23173, 1660.000000, 32736, 1052704, 4320
free, 23173, 37.000000, 0, 1052704, 4288
malloc, 24332, 896.000000, 32736, 1052704, 4320
free, 24332, 18.000000, 0, 1052704, 4320
malloc, 25549, 7296.000000, 32736, 2101280, 4512
free, 25549, 20.000000, 0, 2101280, 4512
malloc, 26826, 1953.000000, 32736, 2101280, 4544
free, 26826, 49.000000, 0, 2101280, 4512
malloc, 28167, 1332.000000, 32736, 2101280, 4544
free, 28167, 20.000000, 0, 2101280, 4544
malloc, 29576, 3753.000000, 32736, 2101280, 4608
free, 29576, 20.000000, 0, 2101280, 4608
malloc, 31054, 1830.000000, 32736, 2101280, 4640
free, 31054, 49.000000, 0, 2101280, 4608
malloc, 32607, 957.000000, 32736, 2101280, 4640
free, 32607, 21.000000, 0, 2101280, 4640
malloc, 34238, 2470.000000, 65504, 2101280, 4704
free, 34238, 30.000000, 0, 2101280, 4704
malloc, 35950, 1778.000000, 65504, 2101280, 4736
free, 35950, 39.000000, 0, 2101280, 4704
malloc, 37747, 1018.000000, 65504, 2101280, 4736
free, 37747, 21.000000, 0, 2101280, 4736
malloc, 39634, 3290.000000, 65504, 2101280, 4832
free, 39634, 21.000000, 0, 2101280, 4832
malloc, 41616, 1793.000000, 65504, 2101280, 4864
free, 41616, 41.000000, 0, 2101280, 4832
malloc, 43697, 1037.000000, 65504, 2101280, 4864
free, 43697, 23.000000, 0, 2101280, 4864
malloc, 45882, 2455.000000, 65504, 2101280, 4928
free, 45882, 25.000000, 0, 2101280, 4928
malloc, 48176, 1814.000000, 65504, 2101280, 4960
free, 48176, 34.000000, 0, 2101280, 4928
malloc, 50585, 1116.000000, 65504, 2101280, 4960
free, 50585, 21.000000, 0, 2101280, 4960
malloc, 53114, 6955.000000, 65504, 3149856, 5120
free, 53114, 21.000000, 0, 3149856, 5120
malloc, 55770, 2191.000000, 65504, 3149856, 5152
free, 55770, 52.000000, 0, 3149856, 5120
malloc, 58558, 1271.000000, 65504, 3149856, 5152
free, 58558, 20.000000, 0, 3149856, 5152
malloc, 61486, 2649.000000, 65504, 3149856, 5216
free, 61486, 22.000000, 0, 3149856, 5216
malloc, 64561, 1986.000000, 65504, 3149856, 5248
free, 64561, 38.000000, 0, 3149856, 5216
malloc, 67789, 2906.000000, 131040, 3149856, 5280
free, 67789, 27.000000, 0, 3149856, 5280
malloc, 71178, 2013.000000, 131040, 3149856, 5312
free, 71178, 39.000000, 0, 3149856, 5280
malloc, 74737, 1268.000000, 131040, 3149856, 5312
free, 74737, 23.000000, 0, 3149856, 5312
malloc, 78474, 5651.000000, 131040, 4198432, 5440
free, 78474, 22.000000, 0, 4198432, 5440
malloc, 82398, 2414.000000, 131040, 4198432, 5472
free, 82398, 49.000000, 0, 4198432, 5440
malloc, 86518, 1451.000000, 131040, 4198432, 5472
free, 86518, 19.000000, 0, 4198432, 5472
malloc, 90843, 3737.000000, 131040, 4198432, 5536
free, 90843, 23.000000, 0, 4198432, 5536
malloc, 95386, 2289.000000, 131040, 4198432, 5568
free, 95386, 40.000000, 0, 4198432, 5536
malloc, 100155, 1515.000000, 131040, 4198432, 5568
free, 100155, 23.000000, 0, 4198432, 5568
malloc, 105163, 5334.000000, 131040, 5247008, 5696
free, 105163, 21.000000, 0, 5247008, 5696
malloc, 110421, 2457.000000, 131040, 5247008, 5728
free, 110421, 49.000000, 0, 5247008, 5696
malloc, 115942, 1553.000000, 131040, 5247008, 5728
free, 115942, 21.000000, 0, 5247008, 5728
malloc, 121739, 3089.000000, 131040, 5247008, 5792
free, 121739, 18.000000, 0, 5247008, 5792
malloc, 127826, 2333.000000, 131040, 5247008, 5824
free, 127826, 38.000000, 0, 5247008, 5792
malloc, 134217, 5036.000000, 262112, 6295584, 5888
free, 134217, 29.000000, 0, 6295584, 5888
malloc, 140928, 2544.000000, 262112, 6295584, 5920
free, 140928, 51.000000, 0, 6295584, 5888
malloc, 147975, 1644.000000, 262112, 6295584, 5920
free, 147975, 18.000000, 0, 6295584, 5920
malloc, 155373, 5702.000000, 262112, 7344160, 6016
free, 155373, 21.000000, 0, 7344160, 6016
malloc, 163142, 2521.000000, 262112, 7344160, 6048
free, 163142, 48.000000, 0, 7344160, 6016
malloc, 171299, 1663.000000, 262112, 7344160, 6048
free, 171299, 21.000000, 0, 7344160, 6048
malloc, 179864, 4978.000000, 262112, 8392736, 6144
free, 179864, 23.000000, 0, 8392736, 6144
malloc, 188858, 2628.000000, 262112, 8392736, 6176
free, 188858, 49.000000, 0, 8392736, 6144
malloc, 198300, 1732.000000, 262112, 8392736, 6176
free, 198300, 22.000000, 0, 8392736, 6176
malloc, 208215, 4858.000000, 262112, 9441312, 6272
free, 208215, 23.000000, 0, 9441312, 6272
malloc, 218626, 2673.000000, 262112, 9441312, 6304
free, 218626, 50.000000, 0, 9441312, 6272
malloc, 229558, 1817.000000, 262112, 9441312, 6304
free, 229558, 20.000000, 0, 9441312, 6304
malloc, 241036, 5106.000000, 262112, 10489888, 6400
free, 241036, 30.000000, 0, 10489888, 6400
malloc, 253087, 2771.000000, 262112, 10489888, 6432
free, 253087, 37.000000, 0, 10489888, 6400
malloc, 265742, 5086.000000, 524256, 11538464, 6464
free, 265742, 27.000000, 0, 11538464, 6464
malloc, 279029, 4807.000000, 524256, 12587040, 6528
free, 279029, 30.000000, 0, 12587040, 6528
malloc, 292980, 4390.000000, 524256, 13635616, 6592
free, 292980, 23.000000, 0, 13635616, 6592
malloc, 307629, 4644.000000, 524256, 14684192, 6656
free, 307629, 22.000000, 0, 14684192, 6656
malloc, 323011, 4337.000000, 524256, 15732768, 6720
free, 323011, 20.000000, 0, 15732768, 6720
malloc, 339161, 4780.000000, 524256, 16781344, 6784
free, 339161, 22.000000, 0, 16781344, 6784
malloc, 356119, 4437.000000, 524256, 17829920, 6848
free, 356119, 22.000000, 0, 17829920, 6848
malloc, 373925, 5592.000000, 524256, 18878496, 6912
free, 373925, 23.000000, 0, 18878496, 6912
malloc, 392622, 4622.000000, 524256, 19927072, 6976
free, 392622, 23.000000, 0, 19927072, 6976
malloc, 412253, 5034.000000, 524256, 20975648, 7040
free, 412253, 21.000000, 0, 20975648, 7040
malloc, 432866, 4463.000000, 524256, 22024224, 7104
free, 432866, 21.000000, 0, 22024224, 7104
malloc, 454509, 4979.000000, 524256, 23072800, 7168
free, 454509, 23.000000, 0, 23072800, 7168
malloc, 477234, 4657.000000, 524256, 24121376, 7232
free, 477234, 23.000000, 0, 24121376, 7232
malloc, 501096, 5140.000000, 524256, 25169952, 7296
free, 501096, 21.000000, 0, 25169952, 7296
malloc, 526151, 4024.000000, 1048544, 26218528, 7328
free, 526151, 40.000000, 0, 26218528, 7328
malloc, 552458, 4258.000000, 1048544, 27267104, 7360
free, 552458, 35.000000, 0, 27267104, 7360
malloc, 580081, 4762.000000, 1048544, 28315680, 7392
free, 580081, 18.000000, 0, 28315680, 7392
malloc, 609086, 4247.000000, 1048544, 29364256, 7424
free, 609086, 17.000000, 0, 29364256, 7424
malloc, 639540, 3961.000000, 1048544, 30412832, 7456
free, 639540, 21.000000, 0, 30412832, 7456
malloc, 671517, 4252.000000, 1048544, 31461408, 7488
free, 671517, 19.000000, 0, 31461408, 7488
malloc, 705093, 4002.000000, 1048544, 32509984, 7520
free, 705093, 18.000000, 0, 32509984, 7520
malloc, 740347, 4277.000000, 1048544, 33558560, 7552
free, 740347, 18.000000, 0, 33558560, 7552
malloc, 777365, 4121.000000, 1048544, 34607136, 7584
free, 777365, 18.000000, 0, 34607136, 7584
malloc, 816233, 4306.000000, 1048544, 35655712, 7616
free, 816233, 18.000000, 0, 35655712, 7616
malloc, 857045, 4015.000000, 1048544, 36704288, 7648
free, 857045, 17.000000, 0, 36704288, 7648
malloc, 899897, 4279.000000, 1048544, 37752864, 7680
free, 899897, 18.000000, 0, 37752864, 7680
malloc, 944892, 4079.000000, 1048544, 38801440, 7712
free, 944892, 18.000000, 0, 38801440, 7712
malloc, 992136, 10528.000000, 1048544, 39850016, 7744
free, 992136, 31.000000, 0, 39850016, 7744
malloc, 1041743, 4766.000000, 1048544, 40898592, 7776
free, 1041743, 18.000000, 0, 40898592, 7776
malloc, 1093831, 5754.000000, 2097120, 45092896, 7840
free, 1093831, 45.000000, 0, 45092896, 7840
malloc, 1148522, 6536.000000, 2097120, 49287200, 7904
free, 1148522, 20.000000, 0, 49287200, 7904
malloc, 1205948, 5665.000000, 2097120, 53481504, 7968
free, 1205948, 21.000000, 0, 53481504, 7968
malloc, 1266246, 5637.000000, 2097120, 57675808, 8032
free, 1266246, 22.000000, 0, 57675808, 8032
malloc, 1329558, 5869.000000, 2097120, 61870112, 8096
free, 1329558, 21.000000, 0, 61870112, 8096
malloc, 1396036, 5733.000000, 2097120, 66064416, 8160
free, 1396036, 22.000000, 0, 66064416, 8160
malloc, 1465838, 5802.000000, 2097120, 70258720, 8224
free, 1465838, 22.000000, 0, 70258720, 8224
malloc, 1539130, 5672.000000, 2097120, 74453024, 8288
free, 1539130, 21.000000, 0, 74453024, 8288
malloc, 1616086, 6833.000000, 2097120, 78647328, 8352
free, 1616086, 21.000000, 0, 78647328, 8352
malloc, 1696890, 5979.000000, 2097120, 82841632, 8416
free, 1696890, 22.000000, 0, 82841632, 8416
malloc, 1781735, 5793.000000, 2097120, 87035936, 8480
free, 1781735, 24.000000, 0, 87035936, 8480
malloc, 1870822, 5915.000000, 2097120, 91230240, 8544
free, 1870822, 22.000000, 0, 91230240, 8544
malloc, 1964363, 6006.000000, 2097120, 95424544, 8608
free, 1964363, 35.000000, 0, 95424544, 8608
malloc, 2062581, 6320.000000, 2097120, 99618848, 8672
free, 2062581, 22.000000, 0, 99618848, 8672
malloc, 2165710, 6020.000000, 4194272, 108007456, 8736
free, 2165710, 29.000000, 0, 108007456, 8736
malloc, 2273996, 6987.000000, 4194272, 116396064, 8800
free, 2273996, 22.000000, 0, 116396064, 8800
malloc, 2387695, 5981.000000, 4194272, 124784672, 8864
free, 2387695, 22.000000, 0, 124784672, 8864
malloc, 2507080, 6031.000000, 4194272, 133173280, 8928
free, 2507080, 21.000000, 0, 133173280, 8928
malloc, 2632434, 6085.000000, 4194272, 141561888, 8992
free, 2632434, 28.000000, 0, 141561888, 8992
malloc, 2764056, 6059.000000, 4194272, 149950496, 9056
free, 2764056, 20.000000, 0, 149950496, 9056
malloc, 2902259, 5903.000000, 4194272, 158339104, 9120
free, 2902259, 21.000000, 0, 158339104, 9120
malloc, 3047372, 5987.000000, 4194272, 166727712, 9184
free, 3047372, 21.000000, 0, 166727712, 9184
malloc, 3199740, 7064.000000, 4194272, 175116320, 9248
free, 3199740, 27.000000, 0, 175116320, 9248
malloc, 3359727, 6320.000000, 4194272, 183504928, 9312
free, 3359727, 21.000000, 0, 183504928, 9312
malloc, 3527714, 6290.000000, 4194272, 191893536, 9376
free, 3527714, 23.000000, 0, 191893536, 9376
malloc, 3704100, 6262.000000, 4194272, 200282144, 9440
free, 3704100, 20.000000, 0, 200282144, 9440
malloc, 3889305, 6176.000000, 4194272, 208670752, 9504
free, 3889305, 21.000000, 0, 208670752, 9504
malloc, 4083770, 6617.000000, 4194272, 217059360, 9568
free, 4083770, 22.000000, 0, 217059360, 9568
malloc, 4287958, 6570.000000, 8388576, 233836576, 9632
free, 4287958, 27.000000, 0, 233836576, 9632
malloc, 4502356, 6348.000000, 8388576, 250613792, 9696
free, 4502356, 21.000000, 0, 250613792, 9696
malloc, 4727474, 7217.000000, 8388576, 267391008, 9760
free, 4727474, 21.000000, 0, 267391008, 9760
malloc, 4963848, 6398.000000, 8388576, 284168224, 9824
free, 4963848, 21.000000, 0, 284168224, 9824
malloc, 5212040, 6480.000000, 8388576, 300945440, 9888
free, 5212040, 21.000000, 0, 300945440, 9888
malloc, 5472642, 6565.000000, 8388576, 317722656, 9952
free, 5472642, 28.000000, 0, 317722656, 9952
malloc, 5746274, 6530.000000, 8388576, 334499872, 10016
free, 5746274, 20.000000, 0, 334499872, 10016
malloc, 6033588, 6325.000000, 8388576, 351277088, 10080
free, 6033588, 22.000000, 0, 351277088, 10080
malloc, 6335268, 6400.000000, 8388576, 368054304, 10144
free, 6335268, 27.000000, 0, 368054304, 10144
malloc, 6652031, 7640.000000, 8388576, 384831520, 10208
free, 6652031, 23.000000, 0, 384831520, 10208
malloc, 6984633, 6580.000000, 8388576, 401608736, 10272
free, 6984633, 30.000000, 0, 401608736, 10272
malloc, 7333864, 6602.000000, 8388576, 418385952, 10336
free, 7333864, 23.000000, 0, 418385952, 10336
malloc, 7700558, 6689.000000, 8388576, 435163168, 10400
free, 7700558, 20.000000, 0, 435163168, 10400
malloc, 8085585, 6844.000000, 8388576, 451940384, 10464
free, 8085585, 20.000000, 0, 451940384, 10464
