malloc, 1, 136.000000, 4, 4096, 64
free, 1, 53.000000, 0, 4096, 32
malloc, 1, 108.000000, 4, 4096, 64
free, 1, 36.000000, 0, 4096, 32
malloc, 1, 217.000000, 4, 4096, 64
free, 1, 34.000000, 0, 4096, 32
malloc, 1, 78.000000, 4, 4096, 64
free, 1, 27.000000, 0, 4096, 32
malloc, 1, 55.000000, 4, 4096, 64
free, 1, 26.000000, 0, 4096, 32
malloc, 1, 55.000000, 4, 4096, 64
free, 1, 26.000000, 0, 4096, 32
malloc, 1, 45.000000, 4, 4096, 64
free, 1, 26.000000, 0, 4096, 32
malloc, 1, 51.000000, 4, 4096, 64
free, 1, 25.000000, 0, 4096, 32
malloc, 1, 49.000000, 4, 4096, 64
free, 1, 27.000000, 0, 4096, 32
malloc, 1, 48.000000, 4, 4096, 64
free, 1, 27.000000, 0, 4096, 32
malloc, 1, 47.000000, 4, 4096, 64
free, 1, 26.000000, 0, 4096, 32
malloc, 1, 52.000000, 4, 4096, 64
free, 1, 25.000000, 0, 4096, 32
malloc, 1, 45.000000, 4, 4096, 64
free, 1, 26.000000, 0, 4096, 32
malloc, 1, 47.000000, 4, 4096, 64
free, 1, 40.000000, 0, 4096, 32
malloc, 1, 47.000000, 4, 4096, 64
free, 1, 26.000000, 0, 4096, 32
malloc, 2, 46.000000, 4, 4096, 64
free, 2, 27.000000, 0, 4096, 32
malloc, 2, 44.000000, 4, 4096, 64
free, 2, 23.000000, 0, 4096, 32
malloc, 2, 39.000000, 4, 4096, 64
free, 2, 20.000000, 0, 4096, 32
malloc, 2, 31.000000, 4, 4096, 64
free, 2, 26.000000, 0, 4096, 32
malloc, 2, 38.000000, 4, 4096, 64
free, 2, 25.000000, 0, 4096, 32
malloc, 2, 38.000000, 4, 4096, 64
free, 2, 21.000000, 0, 4096, 32
malloc, 2, 43.000000, 4, 4096, 64
free, 2, 19.000000, 0, 4096, 32
malloc, 2, 45.000000, 4, 4096, 64
free, 2, 31.000000, 0, 4096, 32
malloc, 3, 43.000000, 4, 4096, 64
free, 3, 22.000000, 0, 4096, 32
malloc, 3, 44.000000, 4, 4096, 64
free, 3, 20.000000, 0, 4096, 32
malloc, 3, 46.000000, 4, 4096, 64
free, 3, 21.000000, 0, 4096, 32
malloc, 3, 45.000000, 4, 4096, 64
free, 3, 23.000000, 0, 4096, 32
malloc, 3, 46.000000, 4, 4096, 64
free, 3, 23.000000, 0, 4096, 32
malloc, 3, 37.000000, 4, 4096, 64
free, 3, 19.000000, 0, 4096, 32
malloc, 4, 31.000000, 4, 4096, 64
free, 4, 19.000000, 0, 4096, 32
malloc, 4, 33.000000, 4, 4096, 64
free, 4, 18.000000, 0, 4096, 32
malloc, 4, 32.000000, 4, 4096, 64
free, 4, 18.000000, 0, 4096, 32
malloc, 4, 33.000000, 4, 4096, 64
free, 4, 19.000000, 0, 4096, 32
malloc, 5, 31.000000, 8, 4096, 64
free, 5, 27.000000, 0, 4096, 32
malloc, 5, 56.000000, 8, 4096, 64
free, 5, 24.000000, 0, 4096, 32
malloc, 5, 45.000000, 8, 4096, 64
free, 5, 27.000000, 0, 4096, 32
malloc, 5, 45.000000, 8, 4096, 64
free, 5, 18.000000, 0, 4096, 32
malloc, 6, 34.000000, 8, 4096, 64
free, 6, 18.000000, 0, 4096, 32
malloc, 6, 31.000000, 8, 4096, 64
free, 6, 18.000000, 0, 4096, 32
malloc, 6, 30.000000, 8, 4096, 64
free, 6, 18.000000, 0, 4096, 32
malloc, 7, 34.000000, 8, 4096, 64
free, 7, 18.000000, 0, 4096, 32
malloc, 7, 31.000000, 8, 4096, 64
free, 7, 18.000000, 0, 4096, 32
malloc, 7, 30.000000, 8, 4096, 64
free, 7, 17.000000, 0, 4096, 32
malloc, 8, 33.000000, 8, 4096, 64
free, 8, 17.000000, 0, 4096, 32
malloc, 8, 32.000000, 8, 4096, 64
free, 8, 17.000000, 0, 4096, 32
malloc, 8, 31.000000, 8, 4096, 64
free, 8, 17.000000, 0, 4096, 32
malloc, 9, 34.000000, 12, 4096, 64
free, 9, 18.000000, 0, 4096, 32
malloc, 9, 32.000000, 12, 4096, 64
free, 9, 20.000000, 0, 4096, 32
malloc, 10, 30.000000, 12, 4096, 64
free, 10, 19.000000, 0, 4096, 32
malloc, 10, 34.000000, 12, 4096, 64
free, 10, 19.000000, 0, 4096, 32
malloc, 11, 32.000000, 12, 4096, 64
free, 11, 19.000000, 0, 4096, 32
malloc, 12, 29.000000, 12, 4096, 64
free, 12, 19.000000, 0, 4096, 32
malloc, 12, 32.000000, 12, 4096, 64
free, 12, 18.000000, 0, 4096, 32
malloc, 13, 30.000000, 16, 4096, 64
free, 13, 18.000000, 0, 4096, 32
malloc, 13, 29.000000, 16, 4096, 64
free, 13, 18.000000, 0, 4096, 32
malloc, 14, 30.000000, 16, 4096, 64
free, 14, 19.000000, 0, 4096, 32
malloc, 15, 30.000000, 16, 4096, 64
free, 15, 18.000000, 0, 4096, 32
malloc, 16, 30.000000, 16, 4096, 64
free, 16, 19.000000, 0, 4096, 32
malloc, 16, 31.000000, 16, 4096, 64
free, 16, 18.000000, 0, 4096, 32
malloc, 17, 30.000000, 20, 4096, 64
free, 17, 18.000000, 0, 4096, 32
malloc, 18, 29.000000, 20, 4096, 64
free, 18, 18.000000, 0, 4096, 32
malloc, 19, 31.000000, 20, 4096, 64
free, 19, 18.000000, 0, 4096, 32
malloc, 20, 32.000000, 20, 4096, 64
free, 20, 19.000000, 0, 4096, 32
malloc, 21, 31.000000, 24, 4096, 64
free, 21, 19.000000, 0, 4096, 32
malloc, 22, 31.000000, 24, 4096, 64
free, 22, 18.000000, 0, 4096, 32
malloc, 23, 31.000000, 24, 4096, 64
free, 23, 18.000000, 0, 4096, 32
malloc, 25, 29.000000, 28, 4096, 64
free, 25, 18.000000, 0, 4096, 32
malloc, 26, 30.000000, 28, 4096, 64
free, 26, 19.000000, 0, 4096, 32
malloc, 27, 30.000000, 28, 4096, 64
free, 27, 20.000000, 0, 4096, 32
malloc, 28, 30.000000, 28, 4096, 64
free, 28, 18.000000, 0, 4096, 32
malloc, 30, 32.000000, 32, 4096, 64
free, 30, 18.000000, 0, 4096, 32
malloc, 31, 30.000000, 32, 4096, 64
free, 31, 19.000000, 0, 4096, 32
malloc, 33, 30.000000, 36, 4096, 64
free, 33, 19.000000, 0, 4096, 32
malloc, 35, 30.000000, 36, 4096, 64
free, 35, 18.000000, 0, 4096, 32
malloc, 36, 33.000000, 36, 4096, 64
free, 36, 18.000000, 0, 4096, 32
malloc, 38, 31.000000, 40, 4096, 64
free, 38, 19.000000, 0, 4096, 32
malloc, 40, 30.000000, 40, 4096, 64
free, 40, 19.000000, 0, 4096, 32
malloc, 42, 33.000000, 44, 4096, 64
free, 42, 19.000000, 0, 4096, 32
malloc, 44, 31.000000, 44, 4096, 64
free, 44, 19.000000, 0, 4096, 32
malloc, 47, 31.000000, 48, 4096, 64
free, 47, 19.000000, 0, 4096, 32
malloc, 49, 31.000000, 52, 4096, 64
free, 49, 20.000000, 0, 4096, 32
malloc, 52, 30.000000, 52, 4096, 64
free, 52, 19.000000, 0, 4096, 32
malloc, 54, 41.000000, 56, 4096, 64
free, 54, 19.000000, 0, 4096, 32
malloc, 57, 32.000000, 60, 4096, 64
free, 57, 18.000000, 0, 4096, 32
malloc, 60, 31.000000, 60, 4096, 64
free, 60, 19.000000, 0, 4096, 32
malloc, 63, 31.000000, 64, 4096, 64
free, 63, 18.000000, 0, 4096, 32
malloc, 66, 31.000000, 68, 4096, 64
free, 66, 17.000000, 0, 4096, 32
malloc, 69, 30.000000, 72, 4096, 64
free, 69, 18.000000, 0, 4096, 32
malloc, 73, 33.000000, 76, 4096, 64
free, 73, 18.000000, 0, 4096, 32
malloc, 76, 30.000000, 76, 4096, 64
free, 76, 18.000000, 0, 4096, 32
malloc, 80, 29.000000, 80, 4096, 64
free, 80, 18.000000, 0, 4096, 32
malloc, 84, 32.000000, 84, 4096, 64
free, 84, 17.000000, 0, 4096, 32
malloc, 89, 23.000000, 92, 4096, 64
free, 89, 18.000000, 0, 4096, 32
malloc, 93, 29.000000, 96, 4096, 64
free, 93, 17.000000, 0, 4096, 32
malloc, 98, 31.000000, 100, 4096, 64
free, 98, 18.000000, 0, 4096, 32
malloc, 103, 23.000000, 104, 4096, 64
free, 103, 17.000000, 0, 4096, 32
malloc, 108, 28.000000, 108, 4096, 64
free, 108, 18.000000, 0, 4096, 32
malloc, 113, 31.000000, 116, 4096, 64
free, 113, 18.000000, 0, 4096, 32
malloc, 119, 23.000000, 120, 4096, 64
free, 119, 17.000000, 0, 4096, 32
malloc, 125, 29.000000, 128, 4096, 64
free, 125, 18.000000, 0, 4096, 32
malloc, 131, 31.000000, 132, 4096, 64
free, 131, 18.000000, 0, 4096, 32
malloc, 138, 23.000000, 140, 4096, 64
free, 138, 19.000000, 0, 4096, 32
malloc, 144, 28.000000, 144, 4096, 64
free, 144, 17.000000, 0, 4096, 32
malloc, 152, 29.000000, 152, 4096, 64
free, 152, 18.000000, 0, 4096, 32
malloc, 159, 24.000000, 160, 4096, 64
free, 159, 18.000000, 0, 4096, 32
malloc, 167, 27.000000, 168, 4096, 64
free, 167, 17.000000, 0, 4096, 32
malloc, 176, 30.000000, 176, 4096, 64
free, 176, 17.000000, 0, 4096, 32
malloc, 185, 23.000000, 188, 4096, 64
free, 185, 18.000000, 0, 4096, 32
malloc, 194, 28.000000, 196, 4096, 64
free, 194, 17.000000, 0, 4096, 32
malloc, 204, 31.000000, 204, 4096, 64
free, 204, 19.000000, 0, 4096, 32
malloc, 214, 30.000000, 216, 4096, 64
free, 214, 17.000000, 0, 4096, 32
malloc, 224, 27.000000, 224, 4096, 64
free, 224, 17.000000, 0, 4096, 32
malloc, 236, 30.000000, 236, 4096, 64
free, 236, 17.000000, 0, 4096, 32
malloc, 247, 30.000000, 248, 4096, 64
free, 247, 17.000000, 0, 4096, 32
malloc, 260, 30.000000, 260, 4096, 64
free, 260, 17.000000, 0, 4096, 32
malloc, 273, 30.000000, 276, 4096, 64
free, 273, 17.000000, 0, 4096, 32
malloc, 287, 29.000000, 288, 4096, 64
free, 287, 18.000000, 0, 4096, 32
malloc, 301, 29.000000, 304, 4096, 64
free, 301, 18.000000, 0, 4096, 32
malloc, 316, 30.000000, 316, 4096, 64
free, 316, 17.000000, 0, 4096, 32
malloc, 332, 29.000000, 332, 4096, 64
free, 332, 19.000000, 0, 4096, 32
malloc, 348, 57.000000, 348, 4096, 64
free, 348, 17.000000, 0, 4096, 32
malloc, 366, 31.000000, 368, 4096, 64
free, 366, 18.000000, 0, 4096, 32
malloc, 384, 24.000000, 384, 4096, 64
free, 384, 17.000000, 0, 4096, 32
malloc, 403, 29.000000, 404, 4096, 64
free, 403, 17.000000, 0, 4096, 32
malloc, 424, 30.000000, 424, 4096, 64
free, 424, 17.000000, 0, 4096, 32
malloc, 445, 25.000000, 448, 4096, 64
free, 445, 17.000000, 0, 4096, 32
malloc, 467, 28.000000, 468, 4096, 64
free, 467, 18.000000, 0, 4096, 32
malloc, 490, 31.000000, 492, 4096, 64
free, 490, 17.000000, 0, 4096, 32
malloc, 515, 24.000000, 516, 4096, 64
free, 515, 17.000000, 0, 4096, 32
malloc, 541, 30.000000, 544, 4096, 64
free, 541, 17.000000, 0, 4096, 32
malloc, 568, 30.000000, 568, 4096, 64
free, 568, 18.000000, 0, 4096, 32
malloc, 596, 23.000000, 596, 4096, 64
free, 596, 18.000000, 0, 4096, 32
malloc, 626, 28.000000, 628, 4096, 64
free, 626, 17.000000, 0, 4096, 32
malloc, 657, 30.000000, 660, 4096, 64
free, 657, 17.000000, 0, 4096, 32
malloc, 690, 29.000000, 692, 4096, 64
free, 690, 17.000000, 0, 4096, 32
malloc, 725, 29.000000, 728, 4096, 64
free, 725, 17.000000, 0, 4096, 32
malloc, 761, 30.000000, 764, 4096, 64
free, 761, 17.000000, 0, 4096, 32
malloc, 799, 30.000000, 800, 4096, 64
free, 799, 18.000000, 0, 4096, 32
malloc, 839, 29.000000, 840, 4096, 64
free, 839, 17.000000, 0, 4096, 32
malloc, 881, 30.000000, 884, 4096, 64
free, 881, 18.000000, 0, 4096, 32
malloc, 925, 29.000000, 928, 4096, 64
free, 925, 18.000000, 0, 4096, 32
malloc, 972, 29.000000, 972, 4096, 64
free, 972, 18.000000, 0, 4096, 32
malloc, 1020, 31.000000, 1020, 4096, 64
free, 1020, 17.000000, 0, 4096, 32
malloc, 1071, 35.000000, 1072, 4096, 64
free, 1071, 17.000000, 0, 4096, 32
malloc, 1125, 28.000000, 1128, 4096, 64
free, 1125, 17.000000, 0, 4096, 32
malloc, 1181, 37.000000, 1184, 4096, 64
free, 1181, 17.000000, 0, 4096, 32
malloc, 1240, 30.000000, 1240, 4096, 64
free, 1240, 18.000000, 0, 4096, 32
malloc, 1302, 29.000000, 1304, 4096, 64
free, 1302, 18.000000, 0, 4096, 32
malloc, 1367, 37.000000, 1368, 4096, 64
free, 1367, 17.000000, 0, 4096, 32
malloc, 1436, 31.000000, 1436, 4096, 64
free, 1436, 18.000000, 0, 4096, 32
malloc, 1507, 28.000000, 1508, 4096, 64
free, 1507, 17.000000, 0, 4096, 32
malloc, 1583, 30.000000, 1584, 4096, 64
free, 1583, 18.000000, 0, 4096, 32
malloc, 1662, 30.000000, 1664, 4096, 64
free, 1662, 18.000000, 0, 4096, 32
malloc, 1745, 29.000000, 1748, 4096, 64
free, 1745, 17.000000, 0, 4096, 32
malloc, 1832, 31.000000, 1832, 4096, 64
free, 1832, 18.000000, 0, 4096, 32
malloc, 1924, 30.000000, 1924, 4096, 64
free, 1924, 18.000000, 0, 4096, 32
malloc, 2020, 28.000000, 2020, 4096, 64
free, 2020, 17.000000, 0, 4096, 32
malloc, 2121, 30.000000, 2124, 4096, 64
free, 2121, 19.000000, 0, 4096, 32
malloc, 2227, 30.000000, 2228, 4096, 64
free, 2227, 17.000000, 0, 4096, 32
malloc, 2339, 28.000000, 2340, 4096, 64
free, 2339, 17.000000, 0, 4096, 32
malloc, 2456, 30.000000, 2456, 4096, 64
free, 2456, 17.000000, 0, 4096, 32
malloc, 2579, 29.000000, 2580, 4096, 64
free, 2579, 18.000000, 0, 4096, 32
malloc, 2708, 29.000000, 2708, 4096, 64
free, 2708, 16.000000, 0, 4096, 32
malloc, 2843, 31.000000, 2844, 4096, 64
free, 2843, 18.000000, 0, 4096, 32
malloc, 2985, 30.000000, 2988, 4096, 64
free, 2985, 17.000000, 0, 4096, 32
malloc, 3134, 29.000000, 3136, 4096, 64
free, 3134, 17.000000, 0, 4096, 32
malloc, 3291, 32.000000, 3292, 4096, 64
free, 3291, 18.000000, 0, 4096, 32
malloc, 3456, 30.000000, 3456, 4096, 64
free, 3456, 18.000000, 0, 4096, 32
malloc, 3629, 28.000000, 3632, 4096, 64
free, 3629, 17.000000, 0, 4096, 32
malloc, 3810, 35.000000, 3812, 4096, 64
free, 3810, 17.000000, 0, 4096, 32
malloc, 4001, 29.000000, 4004, 4096, 64
free, 4001, 16.000000, 0, 4096, 32
malloc, 4201, 5579.000000, 4204, 12568, 96
free, 4201, 53.000000, 0, 12568, 64
malloc, 4411, 70.000000, 4412, 12568, 96
free, 4411, 20.000000, 0, 12568, 64
malloc, 4631, 48.000000, 4632, 12568, 96
free, 4631, 20.000000, 0, 12568, 64
malloc, 4863, 54.000000, 4864, 12568, 96
free, 4863, 20.000000, 0, 12568, 64
malloc, 5106, 44.000000, 5108, 12568, 96
free, 5106, 20.000000, 0, 12568, 64
malloc, 5361, 25.000000, 5364, 12568, 96
free, 5361, 20.000000, 0, 12568, 64
malloc, 5629, 29.000000, 5632, 12568, 96
free, 5629, 19.000000, 0, 12568, 64
malloc, 5911, 31.000000, 5912, 12568, 96
free, 5911, 18.000000, 0, 12568, 64
malloc, 6207, 24.000000, 6208, 12568, 96
free, 6207, 19.000000, 0, 12568, 64
malloc, 6517, 30.000000, 6520, 12568, 96
free, 6517, 19.000000, 0, 12568, 64
malloc, 6843, 31.000000, 6844, 12568, 96
free, 6843, 21.000000, 0, 12568, 64
malloc, 7185, 26.000000, 7188, 12568, 96
free, 7185, 22.000000, 0, 12568, 64
malloc, 7544, 29.000000, 7544, 12568, 96
free, 7544, 20.000000, 0, 12568, 64
malloc, 7921, 34.000000, 7924, 12568, 96
free, 7921, 19.000000, 0, 12568, 64
malloc, 8318, 779.000000, 8320, 12568, 96
free, 8318, 22.000000, 0, 12568, 64
malloc, 8733, 2578.000000, 8736, 30104, 128
free, 8733, 20.000000, 0, 30104, 96
malloc, 9170, 67.000000, 9172, 30104, 128
free, 9170, 19.000000, 0, 30104, 96
malloc, 9629, 52.000000, 9632, 30104, 128
free, 9629, 20.000000, 0, 30104, 96
malloc, 10110, 51.000000, 10112, 30104, 128
free, 10110, 19.000000, 0, 30104, 96
malloc, 10616, 41.000000, 10616, 30104, 128
free, 10616, 21.000000, 0, 30104, 96
malloc, 11146, 29.000000, 11148, 30104, 128
free, 11146, 19.000000, 0, 30104, 96
malloc, 11704, 34.000000, 11704, 30104, 128
free, 11704, 20.000000, 0, 30104, 96
malloc, 12289, 796.000000, 12292, 30104, 128
free, 12289, 20.000000, 0, 30104, 96
malloc, 12903, 32.000000, 12904, 30104, 128
free, 12903, 19.000000, 0, 30104, 96
malloc, 13549, 32.000000, 13552, 30104, 128
free, 13549, 20.000000, 0, 30104, 96
malloc, 14226, 34.000000, 14228, 30104, 128
free, 14226, 20.000000, 0, 30104, 96
malloc, 14937, 28.000000, 14940, 30104, 128
free, 14937, 19.000000, 0, 30104, 96
malloc, 15684, 32.000000, 15684, 30104, 128
free, 15684, 20.000000, 0, 30104, 96
malloc, 16469, 1118.000000, 16472, 30104, 128
free, 16469, 21.000000, 0, 30104, 96
malloc, 17292, 29.000000, 17292, 30104, 128
free, 17292, 19.000000, 0, 30104, 96
malloc, 18157, 2323.000000, 18160, 66488, 160
free, 18157, 22.000000, 0, 66488, 128
malloc, 19065, 64.000000, 19068, 66488, 160
free, 19065, 18.000000, 0, 66488, 128
malloc, 20018, 64.000000, 20020, 66488, 160
free, 20018, 20.000000, 0, 66488, 128
malloc, 21019, 885.000000, 21020, 66488, 160
free, 21019, 21.000000, 0, 66488, 128
malloc, 22070, 49.000000, 22072, 66488, 160
free, 22070, 18.000000, 0, 66488, 128
malloc, 23173, 37.000000, 23176, 66488, 160
free, 23173, 19.000000, 0, 66488, 128
malloc, 24332, 34.000000, 24332, 66488, 160
free, 24332, 20.000000, 0, 66488, 128
malloc, 25549, 843.000000, 25552, 66488, 160
free, 25549, 23.000000, 0, 66488, 128
malloc, 26826, 43.000000, 26828, 66488, 160
free, 26826, 19.000000, 0, 66488, 128
malloc, 28167, 34.000000, 28168, 66488, 160
free, 28167, 19.000000, 0, 66488, 128
malloc, 29576, 1926.000000, 29576, 66488, 160
free, 29576, 22.000000, 0, 66488, 128
malloc, 31054, 45.000000, 31056, 66488, 160
free, 31054, 18.000000, 0, 66488, 128
malloc, 32607, 36.000000, 32608, 66488, 160
free, 32607, 20.000000, 0, 66488, 128
malloc, 34238, 846.000000, 34240, 66488, 160
free, 34238, 21.000000, 0, 66488, 128
malloc, 35950, 42.000000, 35952, 66488, 160
free, 35950, 20.000000, 0, 66488, 128
malloc, 37747, 2657.000000, 37748, 142048, 192
free, 37747, 23.000000, 0, 142048, 160
malloc, 39634, 78.000000, 39636, 142048, 192
free, 39634, 19.000000, 0, 142048, 160
malloc, 41616, 886.000000, 41616, 142048, 192
free, 41616, 19.000000, 0, 142048, 160
malloc, 43697, 56.000000, 43700, 142048, 192
free, 43697, 18.000000, 0, 142048, 160
malloc, 45882, 832.000000, 45884, 142048, 192
free, 45882, 22.000000, 0, 142048, 160
malloc, 48176, 71.000000, 48176, 142048, 192
free, 48176, 20.000000, 0, 142048, 160
malloc, 50585, 804.000000, 50588, 142048, 192
free, 50585, 20.000000, 0, 142048, 160
malloc, 53114, 46.000000, 53116, 142048, 192
free, 53114, 18.000000, 0, 142048, 160
malloc, 55770, 797.000000, 55772, 142048, 192
free, 55770, 23.000000, 0, 142048, 160
malloc, 58558, 864.000000, 58560, 142048, 192
free, 58558, 26.000000, 0, 142048, 160
malloc, 61486, 1015.000000, 61488, 142048, 192
free, 61486, 21.000000, 0, 142048, 160
malloc, 64561, 52.000000, 64564, 142048, 192
free, 64561, 19.000000, 0, 142048, 160
malloc, 67789, 813.000000, 67792, 142048, 192
free, 67789, 21.000000, 0, 142048, 160
malloc, 71178, 791.000000, 71180, 142048, 192
free, 71178, 21.000000, 0, 142048, 160
malloc, 74737, 874.000000, 74740, 142048, 192
free, 74737, 35.000000, 0, 142048, 160
malloc, 78474, 3709.000000, 78476, 299064, 224
free, 78474, 20.000000, 0, 299064, 192
malloc, 82398, 801.000000, 82400, 299064, 224
free, 82398, 22.000000, 0, 299064, 192
malloc, 86518, 861.000000, 86520, 299064, 224
free, 86518, 21.000000, 0, 299064, 192
malloc, 90843, 808.000000, 90844, 299064, 224
free, 90843, 20.000000, 0, 299064, 192
malloc, 95386, 850.000000, 95388, 299064, 224
free, 95386, 20.000000, 0, 299064, 192
malloc, 100155, 802.000000, 100156, 299064, 224
free, 100155, 20.000000, 0, 299064, 192
malloc, 105163, 935.000000, 105164, 299064, 224
free, 105163, 20.000000, 0, 299064, 192
malloc, 110421, 771.000000, 110424, 299064, 224
free, 110421, 20.000000, 0, 299064, 192
malloc, 115942, 817.000000, 115944, 299064, 224
free, 115942, 20.000000, 0, 299064, 192
malloc, 121739, 913.000000, 121740, 299064, 224
free, 121739, 20.000000, 0, 299064, 192
malloc, 127826, 839.000000, 127828, 299064, 224
free, 127826, 20.000000, 0, 299064, 192
malloc, 134217, 1078.000000, 134220, 299064, 224
free, 134217, 31.000000, 0, 299064, 192
malloc, 140928, 777.000000, 140928, 299064, 224
free, 140928, 20.000000, 0, 299064, 192
malloc, 147975, 846.000000, 147976, 299064, 224
free, 147975, 21.000000, 0, 299064, 192
malloc, 155373, 1615.000000, 155376, 299064, 224
free, 155373, 21.000000, 0, 299064, 192
malloc, 163142, 3196.000000, 163144, 625416, 256
free, 163142, 20.000000, 0, 625416, 224
malloc, 171299, 852.000000, 171300, 625416, 256
free, 171299, 31.000000, 0, 625416, 224
malloc, 179864, 820.000000, 179864, 625416, 256
free, 179864, 20.000000, 0, 625416, 224
malloc, 188858, 838.000000, 188860, 625416, 256
free, 188858, 21.000000, 0, 625416, 224
malloc, 198300, 823.000000, 198300, 625416, 256
free, 198300, 21.000000, 0, 625416, 224
malloc, 208215, 1012.000000, 208216, 625416, 256
free, 208215, 22.000000, 0, 625416, 224
malloc, 218626, 936.000000, 218628, 625416, 256
free, 218626, 21.000000, 0, 625416, 224
malloc, 229558, 894.000000, 229560, 625416, 256
free, 229558, 21.000000, 0, 625416, 224
malloc, 241036, 871.000000, 241036, 625416, 256
free, 241036, 19.000000, 0, 625416, 224
malloc, 253087, 841.000000, 253088, 625416, 256
free, 253087, 20.000000, 0, 625416, 224
malloc, 265742, 850.000000, 265744, 625416, 256
free, 265742, 20.000000, 0, 625416, 224
malloc, 279029, 819.000000, 279032, 625416, 256
free, 279029, 21.000000, 0, 625416, 224
malloc, 292980, 796.000000, 292980, 625416, 256
free, 292980, 20.000000, 0, 625416, 224
malloc, 307629, 1645.000000, 307632, 625416, 256
free, 307629, 20.000000, 0, 625416, 224
malloc, 323011, 979.000000, 323012, 625416, 256
free, 323011, 30.000000, 0, 625416, 224
malloc, 339161, 2518.000000, 339164, 1303808, 288
free, 339161, 22.000000, 0, 1303808, 256
malloc, 356119, 898.000000, 356120, 1303808, 288
free, 356119, 21.000000, 0, 1303808, 256
malloc, 373925, 838.000000, 373928, 1303808, 288
free, 373925, 20.000000, 0, 1303808, 256
malloc, 392622, 838.000000, 392624, 1303808, 288
free, 392622, 20.000000, 0, 1303808, 256
malloc, 412253, 823.000000, 412256, 1303808, 288
free, 412253, 20.000000, 0, 1303808, 256
malloc, 432866, 838.000000, 432868, 1303808, 288
free, 432866, 22.000000, 0, 1303808, 256
malloc, 454509, 866.000000, 454512, 1303808, 288
free, 454509, 20.000000, 0, 1303808, 256
malloc, 477234, 805.000000, 477236, 1303808, 288
free, 477234, 21.000000, 0, 1303808, 256
malloc, 501096, 863.000000, 501096, 1303808, 288
free, 501096, 21.000000, 0, 1303808, 256
malloc, 526151, 785.000000, 526152, 1303808, 288
free, 526151, 21.000000, 0, 1303808, 256
malloc, 552458, 848.000000, 552460, 1303808, 288
free, 552458, 20.000000, 0, 1303808, 256
malloc, 580081, 808.000000, 580084, 1303808, 288
free, 580081, 21.000000, 0, 1303808, 256
malloc, 609086, 1723.000000, 609088, 1303808, 288
free, 609086, 20.000000, 0, 1303808, 256
malloc, 639540, 819.000000, 639540, 1303808, 288
free, 639540, 20.000000, 0, 1303808, 256
malloc, 671517, 830.000000, 671520, 1303808, 288
free, 671517, 33.000000, 0, 1303808, 256
malloc, 705093, 2917.000000, 705096, 2714064, 320
free, 705093, 20.000000, 0, 2714064, 288
malloc, 740347, 854.000000, 740348, 2714064, 320
free, 740347, 21.000000, 0, 2714064, 288
malloc, 777365, 840.000000, 777368, 2714064, 320
free, 777365, 21.000000, 0, 2714064, 288
malloc, 816233, 832.000000, 816236, 2714064, 320
free, 816233, 20.000000, 0, 2714064, 288
malloc, 857045, 810.000000, 857048, 2714064, 320
free, 857045, 20.000000, 0, 2714064, 288
malloc, 899897, 833.000000, 899900, 2714064, 320
free, 899897, 22.000000, 0, 2714064, 288
malloc, 944892, 821.000000, 944892, 2714064, 320
free, 944892, 20.000000, 0, 2714064, 288
malloc, 992136, 868.000000, 992136, 2714064, 320
free, 992136, 20.000000, 0, 2714064, 288
malloc, 1041743, 1005.000000, 1041744, 2714064, 320
free, 1041743, 20.000000, 0, 2714064, 288
malloc, 1093831, 822.000000, 1093832, 2714064, 320
free, 1093831, 21.000000, 0, 2714064, 288
malloc, 1148522, 945.000000, 1148524, 2714064, 320
free, 1148522, 22.000000, 0, 2714064, 288
malloc, 1205948, 1707.000000, 1205948, 2714064, 320
free, 1205948, 23.000000, 0, 2714064, 288
malloc, 1266246, 889.000000, 1266248, 2714064, 320
free, 1266246, 23.000000, 0, 2714064, 288
malloc, 1329558, 829.000000, 1329560, 2714064, 320
free, 1329558, 20.000000, 0, 2714064, 288
malloc, 1396036, 814.000000, 1396036, 2714064, 320
free, 1396036, 30.000000, 0, 2714064, 288
malloc, 1465838, 2839.000000, 1465840, 5645808, 352
free, 1465838, 22.000000, 0, 5645808, 320
malloc, 1539130, 865.000000, 1539132, 5645808, 352
free, 1539130, 23.000000, 0, 5645808, 320
malloc, 1616086, 870.000000, 1616088, 5645808, 352
free, 1616086, 25.000000, 0, 5645808, 320
malloc, 1696890, 828.000000, 1696892, 5645808, 352
free, 1696890, 22.000000, 0, 5645808, 320
malloc, 1781735, 943.000000, 1781736, 5645808, 352
free, 1781735, 23.000000, 0, 5645808, 320
malloc, 1870822, 940.000000, 1870824, 5645808, 352
free, 1870822, 21.000000, 0, 5645808, 320
malloc, 1964363, 885.000000, 1964364, 5645808, 352
free, 1964363, 22.000000, 0, 5645808, 320
malloc, 2062581, 839.000000, 2062584, 5645808, 352
free, 2062581, 22.000000, 0, 5645808, 320
malloc, 2165710, 906.000000, 2165712, 5645808, 352
free, 2165710, 21.000000, 0, 5645808, 320
malloc, 2273996, 863.000000, 2273996, 5645808, 352
free, 2273996, 23.000000, 0, 5645808, 320
malloc, 2387695, 1699.000000, 2387696, 5645808, 352
free, 2387695, 24.000000, 0, 5645808, 320
malloc, 2507080, 909.000000, 2507080, 5645808, 352
free, 2507080, 23.000000, 0, 5645808, 320
malloc, 2632434, 813.000000, 2632436, 5645808, 352
free, 2632434, 23.000000, 0, 5645808, 320
malloc, 2764056, 844.000000, 2764056, 5645808, 352
free, 2764056, 24.000000, 0, 5645808, 320
malloc, 2902259, 1134.000000, 2902260, 5645808, 352
free, 2902259, 24.000000, 0, 5645808, 320
malloc, 3047372, 5365.000000, 3047372, 11740616, 384
free, 3047372, 25.000000, 0, 11740616, 352
malloc, 3199740, 1172.000000, 3199740, 11740616, 384
free, 3199740, 27.000000, 0, 11740616, 352
malloc, 3359727, 1144.000000, 3359728, 11740616, 384
free, 3359727, 27.000000, 0, 11740616, 352
malloc, 3527714, 1191.000000, 3527716, 11740616, 384
free, 3527714, 26.000000, 0, 11740616, 352
malloc, 3704100, 1278.000000, 3704100, 11740616, 384
free, 3704100, 22.000000, 0, 11740616, 352
malloc, 3889305, 861.000000, 3889308, 11740616, 384
free, 3889305, 33.000000, 0, 11740616, 352
malloc, 4083770, 830.000000, 4083772, 11740616, 384
free, 4083770, 23.000000, 0, 11740616, 352
malloc, 4287958, 801.000000, 4287960, 11740616, 384
free, 4287958, 23.000000, 0, 11740616, 352
malloc, 4502356, 1870.000000, 4502356, 11740616, 384
free, 4502356, 23.000000, 0, 11740616, 352
malloc, 4727474, 1031.000000, 4727476, 11740616, 384
free, 4727474, 23.000000, 0, 11740616, 352
malloc, 4963848, 1041.000000, 4963848, 11740616, 384
free, 4963848, 34.000000, 0, 11740616, 352
malloc, 5212040, 1013.000000, 5212040, 11740616, 384
free, 5212040, 22.000000, 0, 11740616, 352
malloc, 5472642, 860.000000, 5472644, 11740616, 384
free, 5472642, 23.000000, 0, 11740616, 352
malloc, 5746274, 878.000000, 5746276, 11740616, 384
free, 5746274, 24.000000, 0, 11740616, 352
malloc, 6033588, 873.000000, 6033588, 11740616, 384
free, 6033588, 24.000000, 0, 11740616, 352
malloc, 6335268, 4306.000000, 6335268, 24411216, 416
free, 6335268, 23.000000, 0, 24411216, 384
malloc, 6652031, 836.000000, 6652032, 24411216, 416
free, 6652031, 22.000000, 0, 24411216, 384
malloc, 6984633, 890.000000, 6984636, 24411216, 416
free, 6984633, 21.000000, 0, 24411216, 384
malloc, 7333864, 1149.000000, 7333864, 24411216, 416
free, 7333864, 22.000000, 0, 24411216, 384
malloc, 7700558, 814.000000, 7700560, 24411216, 416
free, 7700558, 22.000000, 0, 24411216, 384
malloc, 8085585, 1759.000000, 8085588, 24411216, 416
free, 8085585, 23.000000, 0, 24411216, 384
